Year,Date,DATE,DOY,count,wesa.ratio,pred.ratio,WESA,DUNL,log.WESA,log.DUNL,pred.wesa,pred.wesa_SE,pred.dunl,pred.dunl_SE
1991,,,105,,,0.025231033,,,,,4.696806516,0.295313369,8.217136824,0.242699316
1991,,,106,,,0.048787548,,,,,5.654687045,0.233666414,8.488844806,0.193878348
1991,,,107,,,0.08893434,,,,,6.542691954,0.184246191,8.73173918,0.154996755
1991,,,108,,,0.151422342,,,,,7.360821243,0.145315233,8.945819946,0.124596088
1991,,,109,,,0.238562173,,,,,8.109074912,0.115273141,9.131087104,0.101336745
1991,,,110,,,0.345701901,,,,,8.78745296,0.092656584,9.287540653,0.083997968
1991,,,111,,,0.461150554,,,,,9.395955388,0.076139303,9.415180594,0.071477841
1991,1991-04-22,1991/4/22,112,23000,,0.571076637,13135,9865,9.483093763,9.196873839,9.934582197,0.064532105,9.514006928,0.062793299
1991,,,113,,,0.665496083,,,,,10.40333338,0.056782867,9.584019653,0.057080116
1991,,,114,,,0.740622283,,,,,10.80220895,0.051976534,9.625218769,0.053592914
1991,,,115,,,0.797413892,,,,,11.1312089,0.049335122,9.637604278,0.051705159
1991,,,116,,,0.839011908,,,,,11.39033323,0.048217714,9.621176178,0.050909162
1991,,,117,,,0.8688994,,,,,11.57958194,0.048120462,9.57593447,0.050816081
1991,,,118,,,0.890055927,,,,,11.69895502,0.048676588,9.501879154,0.051155914
1991,,,119,,,0.90474062,,,,,11.74845249,0.049656382,9.39901023,0.051777509
1991,,,120,,,0.914546766,,,,,11.72807434,0.050967203,9.267327698,0.052648556
1991,,,121,,,0.920528984,,,,,11.63782057,0.05265348,9.106831557,0.05385559
1991,1991-05-02,1991/5/2,122,83100,,0.923320009,76728,6372,11.24803361,8.759842423,11.47769117,0.054896709,8.917521809,0.055603993
1991,1991-05-03,1991/5/3,123,60000,,0.92321099,55393,4607,10.92222042,8.435623109,11.24768616,0.058015456,8.699398452,0.058217989
1991,,,124,,,0.920190611,,,,,10.94780553,0.062465356,8.452461486,0.06214065
1991,1991-05-05,1991/5/5,125,40000,,0.913943549,36558,3442,10.50667561,8.144173408,10.57804927,0.068839112,8.176710913,0.067933889
1991,1991-05-06,1991/5/6,126,33000,,0.90380821,29826,3174,10.30315827,8.063166553,10.1384174,0.077866498,7.872146732,0.076278469
1991,1991-05-07,1991/5/7,127,23000,,0.88869335,20440,2560,9.925295377,7.84817376,9.628909908,0.090414355,7.538768942,0.087973993
1991,1991-05-08,1991/5/8,128,14000,,0.866959137,12137,1863,9.40413156,7.530250401,9.049526795,0.107486592,7.176577544,0.103938912
1991,1991-05-09,1991/5/9,129,12000,,0.836291527,10035,1965,9.21398356,7.583502799,8.400268061,0.13022419,6.785572538,0.12521052
1991,1991-05-10,1991/5/10,130,5400,,0.79365949,4286,1114,8.363286772,7.016823792,7.681133707,0.159905196,6.365753924,0.152944958
1991,1991-05-11,1991/5/11,131,300,,0.735565438,221,79,5.401188127,4.386147739,6.892123734,0.197944728,5.917121701,0.18841721
1991,,,132,,,0.658956356,,,,,6.03323814,0.245894971,5.43967587,0.233021105
1991,,,133,,,0.563143626,,,,,5.104476926,0.305445181,4.933416432,0.288269319
1991,,,134,,,0.452368828,,,,,4.105840092,0.378421681,4.398343385,0.355793371
1991,,,135,,,0.337052664,,,,,3.037327638,0.466787863,3.834456729,0.437343625
1992,,,105,,,0.025231033,,,,,4.473329988,0.289539336,8.151781052,0.236705003
1992,,,106,,,0.048787548,,,,,5.49121532,0.227932342,8.476215459,0.187969688
1992,,,107,,,0.08893434,,,,,6.432186024,0.17855121,8.764798574,0.149169774
1992,,,108,,,0.151422342,,,,,7.296242101,0.139658471,9.017530396,0.118846814
1992,,,109,,,0.238562173,,,,,8.08338355,0.109653728,9.234410925,0.095661205
1992,,,110,,,0.345701901,,,,,8.793610372,0.087073649,9.415440162,0.078392188
1992,,,111,,,0.461150554,,,,,9.426922566,0.070591975,9.560618106,0.065937849
1992,,,112,,,0.571076637,,,,,9.983320132,0.059019513,9.669944757,0.057315121
1992,1992-04-22,1992/4/22,113,24500,,0.665496083,16305,8195,9.6992672,9.01144372,10.46280307,0.05130414,9.743420116,0.05165978
1992,,,114,,,0.740622283,,,,,10.86537138,0.046530802,9.781044182,0.048226447
1992,1992-04-24,1992/4/24,115,80200,,0.797413892,63953,16247,11.06591301,9.69575008,11.19102506,0.043921513,9.782816956,0.046388588
1992,,,116,,,0.839011908,,,,,11.43976412,0.042835358,9.748738437,0.045638515
1992,,,117,,,0.8688994,,,,,11.61158855,0.042768488,9.678808625,0.045587384
1992,,,118,,,0.890055927,,,,,11.70649835,0.043354125,9.57302752,0.045965194
1992,,,119,,,0.90474062,,,,,11.72449352,0.04436256,9.431395123,0.046620793
1992,1992-04-29,1992/4/29,120,923500,,0.914546766,844584,78916,13.64660059,11.27615273,11.66557406,0.04570115,9.253911433,0.047521872
1992,,,121,,,0.920528984,,,,,11.52973998,0.047414325,9.040576451,0.048754965
1992,1992-05-01,1992/5/1,122,30500,,0.923320009,28161,2339,10.24573807,7.757794972,11.31699127,0.049683582,8.791390176,0.050525453
1992,,,123,,,0.92321099,,,,,11.02732793,0.052827486,8.506352608,0.053157562
1992,,,124,,,0.920190611,,,,,10.66074997,0.057301672,8.185463748,0.057094362
1992,1992-05-04,1992/5/4,125,22430,,0.913943549,20500,1930,9.928216935,7.565920772,10.21725737,0.063698844,7.828723595,0.062897768
1992,,,126,,,0.90380821,,,,,9.696850152,0.072748774,7.436132149,0.071248542
1992,,,127,,,0.88869335,,,,,9.099528303,0.085318303,7.007689411,0.082946287
1992,,,128,,,0.866959137,,,,,8.425291827,0.102411344,6.54339538,0.098909453
1992,1992-05-08,1992/5/8,129,2700,,0.836291527,2258,442,7.722671816,6.093598839,7.674140722,0.125168873,6.043250057,0.120175337
1992,,,130,,,0.79365949,,,,,6.846074991,0.15486894,5.50725344,0.147900077
1992,,,131,,,0.735565438,,,,,5.941094631,0.192926662,4.935405532,0.183358658
1992,,,132,,,0.658956356,,,,,4.959199644,0.240894224,4.32770633,0.227944909
1992,1992-05-12,1992/5/12,133,85,,0.563143626,48,37,3.889106583,3.641074589,3.900390029,0.300460882,3.684155836,0.283171507
1992,,,134,,,0.452368828,,,,,2.764665786,0.373452959,3.004754049,0.350669969
1992,,,135,,,0.337052664,,,,,1.552026916,0.461833849,2.28950097,0.43219066
1994,,,105,,,0.025231033,,,,,5.002366797,0.279226356,8.18846059,0.225929525
1994,,,106,,,0.048787548,,,,,6.050822792,0.217699285,8.627860336,0.177365514
1994,,,107,,,0.08893434,,,,,7.024180216,0.168396334,9.027222914,0.138728959
1994,,,108,,,0.151422342,,,,,7.92243907,0.129580034,9.386548326,0.108561413
1994,,,109,,,0.238562173,,,,,8.745599354,0.099649988,9.70583657,0.085523271
1994,1994-04-20,1994/4/20,110,75000,,0.345701901,25928,49072,10.16310353,10.80107155,9.493661068,0.077142866,9.985087647,0.068393775
1994,,,111,,,0.461150554,,,,,10.16662421,0.060732406,10.22430156,0.056071012
1994,1994-04-22,1994/4/22,112,250000,,0.571076637,142769,107231,11.86899134,11.58274851,10.76448878,0.049229416,10.4234783,0.047571914
1994,,,113,,,0.665496083,,,,,11.28725479,0.041581774,10.58261787,0.042032257
1994,,,114,,,0.740622283,,,,,11.73492222,0.036874425,10.70172028,0.038706662
1994,1994-04-25,1994/4/25,115,20000,,0.797413892,15948,4052,9.677168831,8.307144071,12.10749108,0.034329384,10.78078552,0.036968595
1994,1994-04-26,1994/4/26,116,820000,,0.839011908,687990,132010,13.44153069,11.79064231,12.40496137,0.033305734,10.8198136,0.036310368
1994,,,117,,,0.8688994,,,,,12.6273331,0.033299628,10.8188045,0.036343137
1994,1994-04-28,1994/4/28,118,500000,,0.890055927,445028,54972,13.00589465,10.9145981,12.77460625,0.033944287,10.77775824,0.036796902
1994,,,119,,,0.90474062,,,,,12.84678083,0.035010002,10.69667481,0.03752051
1994,1994-04-30,1994/4/30,120,500000,,0.914546766,457273,42727,13.03303889,10.66260076,12.84385684,0.036404132,10.57555422,0.038481651
1994,,,121,,,0.920528984,,,,,12.76583428,0.038171104,10.41439645,0.039766861
1994,1994-05-02,1994/5/2,122,490000,,0.923320009,452427,37573,13.02238348,10.5340728,12.61271315,0.040492416,10.21320152,0.04158152
1994,,,123,,,0.92321099,,,,,12.38449345,0.043686633,9.971969424,0.044249855
1994,1994-05-04,1994/5/4,124,1125000,,0.920190611,1035214,89786,13.85012012,11.4051906,12.08117518,0.048209391,9.690700159,0.048214934
1994,1994-05-05,1994/5/5,125,350000,,0.913943549,319880,30120,12.67570509,10.31296984,11.70275834,0.054653393,9.369393727,0.054038674
1994,1994-05-06,1994/5/6,126,380000,,0.90380821,343447,36553,12.74679134,10.50654262,11.24924293,0.063748412,9.008050128,0.062401835
1994,,,127,,,0.88869335,,,,,10.72062895,0.076361288,8.606669361,0.074104022
1994,,,128,,,0.866959137,,,,,10.1169164,0.093495934,8.165251427,0.090063684
1994,1994-05-09,1994/5/9,129,3500,,0.836291527,2927,573,7.982081823,6.352593954,9.438105276,0.116293326,7.683796325,0.111318118
1994,1994-05-10,1994/5/10,130,4200,,0.79365949,3333,867,8.112038992,6.765765522,8.684195584,0.146031515,7.162304057,0.139023462
1994,,,131,,,0.735565438,,,,,7.855187322,0.184125617,6.600774621,0.174454701
1994,,,132,,,0.658956356,,,,,6.95108049,0.232127818,5.999208018,0.219005665
1994,,,133,,,0.563143626,,,,,5.971875088,0.291727372,5.357604247,0.274189029
1994,,,134,,,0.452368828,,,,,4.917571115,0.364750604,4.67596331,0.341636312
1994,,,135,,,0.337052664,,,,,3.788168572,0.453160906,3.954285205,0.423097878
1995,,,105,,,0.025231033,,,,,2.174635698,0.274687409,5.952454481,0.221148359
1995,1995-04-16,1995/4/16,106,600,,0.048787548,29,571,3.410240661,6.348662429,3.460082442,0.2132003,6.518116546,0.172670001
1995,,,107,,,0.08893434,,,,,4.654690268,0.163936439,7.037377788,0.134115126
1995,,,108,,,0.151422342,,,,,5.758459178,0.125158359,7.510238206,0.104025286
1995,,,109,,,0.238562173,,,,,6.771389171,0.095265662,7.9366978,0.081060877
1995,,,110,,,0.345701901,,,,,7.693480248,0.072795018,8.316756571,0.064001143
1995,1995-04-21,1995/4/21,111,7000,,0.461150554,3228,3772,8.079944457,8.235611439,8.524732407,0.056420165,8.650414517,0.051744168
1995,,,112,,,0.571076637,,,,,9.265145651,0.044951911,8.93767164,0.043306884
1995,,,113,,,0.665496083,,,,,9.914719977,0.037338135,9.178527939,0.037825069
1995,1995-04-24,1995/4/24,114,4738,,0.740622283,3509,1229,8.163390797,7.114713855,10.47345539,0.03266378,9.372983414,0.034553343
1995,1995-04-25,1995/4/25,115,70000,,0.797413892,55819,14181,10.92988701,9.559730775,10.94135188,0.030150863,9.521038066,0.032865173
1995,1995-04-26,1995/4/26,116,500000,,0.839011908,419506,80494,12.94683538,11.29595092,11.31840946,0.029158466,9.622691894,0.032252869
1995,,,117,,,0.8688994,,,,,11.60462812,0.029182742,9.677944898,0.032327588
1995,1995-04-28,1995/4/28,118,350000,,0.890055927,311520,38480,12.64922066,10.55793095,11.80000786,0.029856912,9.686797078,0.03281933
1995,,,119,,,0.90474062,,,,,11.90454868,0.030951267,9.649248434,0.033576942
1995,1995-04-30,1995/4/30,120,330000,,0.914546766,301800,28200,12.61752457,10.24709737,11.91825059,0.032373166,9.565298967,0.034568115
1995,1995-05-01,1995/5/1,121,65000,,0.920528984,59834,5166,10.99935247,8.549973221,11.84111359,0.034167037,9.434948676,0.035879383
1995,,,122,,,0.923320009,,,,,11.67313766,0.036514376,9.258197561,0.037716128
1995,1995-05-03,1995/5/3,123,94000,,0.92321099,86782,7218,11.37116411,8.884494838,11.41432282,0.039733751,9.035045622,0.040402575
1995,,,124,,,0.920190611,,,,,11.06466907,0.044280794,8.76549286,0.044381794
1995,,,125,,,0.913943549,,,,,10.62417639,0.050748212,8.449539274,0.050215701
1995,,,126,,,0.90380821,,,,,10.0928448,0.059865774,8.087184864,0.058585055
1995,,,127,,,0.88869335,,,,,9.470674295,0.072500324,7.67842963,0.070289463
1995,,,128,,,0.866959137,,,,,8.757664871,0.089655772,7.223273573,0.086247374
1995,,,129,,,0.836291527,,,,,7.95381653,0.112473097,6.721716691,0.107496082
1995,,,130,,,0.79365949,,,,,7.059129273,0.142230346,6.173758986,0.135191728
1995,,,131,,,0.735565438,,,,,6.073603099,0.180342638,5.579400458,0.170609297
1995,,,132,,,0.658956356,,,,,4.997238008,0.228362158,4.938641105,0.215142617
1995,,,133,,,0.563143626,,,,,3.830034001,0.287978161,4.251480929,0.270304364
1995,,,134,,,0.452368828,,,,,2.571991077,0.36101697,3.517919928,0.337726057
1995,,,135,,,0.337052664,,,,,1.223109236,0.449441979,2.737958105,0.41915806
1997,,,105,,,0.000206865,,,,,2.745417445,0.266844604,10.03169766,0.212799176
1997,,,106,,,0.000777573,,,,,3.931792821,0.205437417,10.03542344,0.164492123
1997,,,107,,,0.002694452,,,,,5.032401062,0.156251737,10.02520993,0.126100607
1997,,,108,,,0.008584643,,,,,6.047242167,0.117550097,10.00105713,0.09616618
1997,,,109,,,0.024978499,,,,,6.976316136,0.087732097,9.962965052,0.073349239
1997,,,110,,,0.065392523,,,,,7.81962297,0.065334408,9.910933682,0.056429025
1997,1997-04-21,1997/4/21,111,14030,,0.149951374,2104,11926,7.651984175,9.386575295,8.577162667,0.04903077,9.844963024,0.044303626
1997,1997-04-22,1997/4/22,112,13000,0.523178808,0.291061241,3784,9216,8.238747303,9.128827002,9.248935229,0.037631989,9.765053079,0.035989972
1997,,,113,,,0.468671694,,,,,9.834940656,0.030085943,9.671203846,0.030623841
1997,,,114,,,0.63628849,,,,,10.33517895,0.025477577,9.563415326,0.027459853
1997,1997-04-25,1997/4/25,115,130100,0.705831904,0.762071566,99146,30954,11.50435394,10.34030562,10.7496501,0.023028907,9.441687519,0.025871475
1997,1997-04-26,1997/4/26,116,127200,0.845771144,0.844074289,107366,19834,11.58401048,9.895190748,11.07835412,0.022099016,9.306020424,0.025351017
1997,,,117,,,0.894132147,,,,,11.321291,0.022184056,9.156414042,0.025509636
1997,1997-04-28,1997/4/28,118,97100,0.911455956,0.924034762,89724,7376,11.40450221,8.906152778,11.47846075,0.022917248,8.992868372,0.026077334
1997,1997-04-29,1997/4/29,119,91200,0.981666667,0.9417665,85889,5311,11.36082391,8.577703958,11.54986336,0.024068884,8.815383415,0.026902954
1997,1997-04-30,1997/4/30,120,52600,0.9625,0.952034996,50077,2523,10.82133788,7.833584071,11.53549884,0.025546321,8.623959171,0.02795419
1997,1997-05-01,1997/5/1,121,177000,,0.957424768,169464,7536,12.04040278,8.927555091,11.43536718,0.027393989,8.418595639,0.029317575
1997,1997-05-02,1997/5/2,122,116400,0.990938166,0.959216126,111653,4747,11.62315791,8.465529928,11.24946838,0.029793384,8.19929282,0.031198491
1997,1997-05-03,1997/5/3,123,59970,0.967741935,0.95781927,57440,2530,10.95852095,7.836203158,10.97780245,0.033063072,7.966050714,0.033921163
1997,1997-05-04,1997/5/4,124,43500,0.948307244,0.952915054,41452,2048,10.63231083,7.625202391,10.62036939,0.037658688,7.71886932,0.037928661
1997,1997-05-05,1997/5/5,125,37800,0.924864446,0.943345439,35658,2142,10.48176968,7.669748446,10.17716918,0.044172935,7.457748638,0.043782902
1997,1997-05-06,1997/5/6,126,15000,0.910828025,0.926719641,13901,1099,9.539773219,7.003252161,9.648201844,0.053335587,7.18268867,0.052164644
1997,1997-05-07,1997/5/7,127,2500,,0.898645804,2247,253,7.717624715,5.538850797,9.03346737,0.066013484,6.893689414,0.063873493
1997,,,128,,,0.851597743,,,,,8.33296576,0.083210536,6.59075087,0.0798279
1997,,,129,,,0.774189164,,,,,7.546697014,0.106067724,6.273873039,0.101065158
1997,,,130,,,0.65408863,,,,,6.674661133,0.135863096,5.943055921,0.128741408
1997,,,131,,,0.490504332,,,,,5.716858116,0.174011767,5.598299515,0.164131635
1997,1997-05-12,1997/5/12,132,555,,0.31151974,173,382,5.15844279,5.948313133,4.673287963,0.222065925,5.239603822,0.208629668
1997,,,133,,,0.164097691,,,,,3.543950674,0.281714825,4.866968842,0.263748182
1997,,,134,,,0.072893776,,,,,2.32884625,0.354784789,4.480394574,0.331118695
1997,,,135,,,0.028248242,,,,,1.02797469,0.443239211,4.079881019,0.412491573
1998,,,105,,,0.025231033,,,,,8.998394436,0.263540744,11.28381423,0.209231158
1998,,,106,,,0.048787548,,,,,9.327152119,0.202173519,11.04051858,0.161009757
1998,,,107,,,0.08893434,,,,,9.630406223,0.15302693,10.80730822,0.122699921
1998,,,108,,,0.151422342,,,,,9.90815675,0.114363509,10.58418314,0.0928432
1998,,,109,,,0.238562173,,,,,10.1604037,0.084582858,10.37114334,0.070099993
1998,,,110,,,0.345701901,,,,,10.38714707,0.062221647,10.16818882,0.05324954
1998,,,111,,,0.461150554,,,,,10.58838686,0.045953616,9.975319586,0.041189929
1998,,,112,,,0.571076637,,,,,10.76412308,0.034589571,9.792535635,0.03293809
1998,,,113,,,0.665496083,,,,,10.91435571,0.02707739,9.619836967,0.027629801
1998,,,114,,,0.740622283,,,,,11.03908477,0.02250202,9.457223582,0.024519682
1998,,,115,,,0.797413892,,,,,11.13831025,0.020085473,9.30469548,0.022981199
1998,,,116,,,0.839011908,,,,,11.21203215,0.019186834,9.16225266,0.022506665
1998,,,117,,,0.8688994,,,,,11.26025048,0.019302256,9.029895124,0.022707235
1998,,,118,,,0.890055927,,,,,11.28296523,0.02006496,8.90762287,0.023312909
1998,,,119,,,0.90474062,,,,,11.28017639,0.021245236,8.795435899,0.024172534
1998,,,120,,,0.914546766,,,,,11.25188398,0.022750443,8.693334211,0.025253801
1998,,,121,,,0.920528984,,,,,11.198088,0.024625009,8.601317806,0.026643244
1998,1998-05-02,1998/5/2,122,19500,,0.923320009,18005,1495,9.798445885,7.310723821,11.11878843,0.027050432,8.519386684,0.028546246
1998,1998-05-03,1998/5/3,123,460000,,0.92321099,424677,35323,12.95908664,10.47231633,11.01398529,0.030345277,8.447540845,0.031287031
1998,1998-05-04,1998/5/4,124,105000,,0.920190611,96620,8380,11.47855153,9.033720823,10.88367857,0.034965178,8.385780289,0.035308669
1998,,,125,,,0.913943549,,,,,10.72786827,0.041502841,8.334105015,0.041173076
1998,1998-05-06,1998/5/6,126,15800,,0.90380821,14280,1520,9.566697145,7.327011706,10.54655439,0.050688036,8.292515025,0.049561012
1998,1998-05-07,1998/5/7,127,5000,,0.88869335,4443,557,8.399415175,6.323522142,10.33973693,0.063387607,8.261010317,0.061272082
1998,1998-05-08,1998/5/8,128,16500,,0.866959137,14305,2195,9.568422129,7.694472146,10.1074159,0.080605462,8.239590892,0.077224737
1998,1998-05-09,1998/5/9,129,40000,,0.836291527,33452,6548,10.41788662,8.787119397,9.849591287,0.103482582,8.22825675,0.09845627
1998,1998-05-10,1998/5/10,130,29000,,0.79365949,23016,5984,10.04399379,8.696990699,9.566263098,0.133297014,8.227007891,0.126122822
1998,1998-05-11,1998/5/11,131,41000,,0.735565438,30158,10842,10.31424473,9.291258116,9.25743133,0.171463875,8.235844315,0.161499378
1998,,,132,,,0.658956356,,,,,8.923095984,0.219535353,8.254766022,0.205979767
1998,,,133,,,0.563143626,,,,,8.563257061,0.2792007,8.283773011,0.261076664
1998,,,134,,,0.452368828,,,,,8.177914559,0.352286242,8.322865284,0.328421588
1998,,,135,,,0.337052664,,,,,7.767068479,0.440755371,8.372042839,0.409764904
1999,,,105,,,0.448356793,,,,,6.575099187,0.260648581,7.299083999,0.206067522
1999,,,106,,,0.527223022,,,,,7.293589426,0.199321317,7.650125776,0.157931774
1999,,,107,,,0.600501418,,,,,7.961607484,0.150213818,7.971169797,0.119703617
1999,,,108,,,0.66560035,,,,,8.579153361,0.111588617,8.262216061,0.089924604
1999,,,109,,,0.721395286,,,,,9.146227056,0.081845315,8.52326457,0.06725513
1999,1999-04-20,1999/4/20,110,36845,0.815286624,0.76793308,28294,8551,10.25045786,9.05386265,9.662828571,0.059520582,8.754315323,0.050474438
1999,1999-04-21,1999/4/21,111,29700,,0.805996509,23938,5762,10.08326823,8.65919674,10.1289579,0.043288157,8.95536832,0.038480614
1999,1999-04-22,1999/4/22,112,54150,0.804988662,0.836713116,45308,8842,10.7212613,9.087379741,10.54461506,0.031958849,9.126423561,0.03029059
1999,1999-04-23,1999/4/23,113,60853,,0.861282706,52412,8441,10.866903,9.041017582,10.90980003,0.024480534,9.267481046,0.025040143
1999,1999-04-24,1999/4/24,114,62500,,0.880822262,55051,7449,10.91604058,8.915916776,11.22451282,0.019938157,9.378540775,0.021983893
1999,,,115,,,0.896296728,,,,,11.48875343,0.017553734,9.459602748,0.020495307
1999,1999-04-26,1999/4/26,116,201600,,0.908501896,183154,18446,12.11808797,9.822657999,11.70252185,0.016686349,9.510666965,0.020066695
1999,1999-04-27,1999/4/27,117,214500,,0.918074065,196927,17573,12.19059289,9.774182244,11.8658181,0.016832153,9.531733426,0.020309215
1999,1999-04-28,1999/4/28,118,177200,,0.925510624,164000,13200,12.00763075,9.488011312,11.97864217,0.017624367,9.522802131,0.020952867
1999,1999-04-29,1999/4/29,119,223500,,0.931192842,208122,15378,12.24588261,9.640784222,12.04099405,0.018833283,9.48387308,0.021846496
1999,1999-04-30,1999/4/30,120,117600,,0.935406717,110004,7596,11.60827955,8.935531098,12.05287375,0.02036626,9.414946273,0.022957794
1999,1999-05-01,1999/5/1,121,99000,,0.938360209,92898,6102,11.43926451,8.716591323,12.01428127,0.022267725,9.31602171,0.024373297
1999,1999-05-02,1999/5/2,122,99000,,0.940196485,93079,5921,11.44121947,8.686353178,11.92521662,0.024719175,9.187099391,0.026298384
1999,1999-05-03,1999/5/3,123,96500,,0.941003319,90807,5693,11.41650069,8.647199822,11.78567978,0.028039177,9.028179317,0.029057281
1999,1999-05-04,1999/5/4,124,76000,,0.940818955,71502,4498,11.17749805,8.411556956,11.59567075,0.032683364,8.839261486,0.033093059
1999,1999-05-05,1999/5/5,125,93600,,0.939634671,87950,5650,11.38453291,8.639622275,11.35518955,0.039244442,8.620345899,0.038967633
1999,1999-05-06,1999/5/6,126,44417,0.893044129,0.937394197,41636,2781,10.63675019,7.930839797,11.06423617,0.048452182,8.371432556,0.047361762
1999,1999-05-07,1999/5/7,127,100050,0.99522293,0.93398994,93446,6604,11.44514643,8.795628626,10.7228106,0.061173425,8.092521458,0.059075054
1999,1999-05-08,1999/5/8,128,76250,0.97715736,0.929255831,70856,5394,11.16841561,8.593272895,10.33091286,0.078412083,7.783612603,0.075025956
1999,,,129,,,0.922956529,,,,,9.888542929,0.101309135,7.444705992,0.096251764
1999,1999-05-10,1999/5/10,130,46000,,0.914772679,42080,3920,10.64734076,8.274218484,9.395700821,0.131142628,7.075801626,0.123908619
1999,1999-05-11,1999/5/11,131,21650,0.823834197,0.90428224,19578,2072,9.882198056,7.636891757,8.852386532,0.169327679,6.676899503,0.159271504
1999,1999-05-12,1999/5/12,132,22720,,0.890938617,20242,2478,9.915570527,7.815559955,8.258600061,0.217416476,6.247999625,0.203734249
1999,1999-05-13,1999/5/13,133,9600,,0.874048014,8391,1209,9.035017579,7.098490558,7.61434141,0.277098271,5.78910199,0.258809529
1999,1999-05-14,1999/5/14,134,18,,0.852751596,15,3,2.794199073,1.294856275,6.919610577,0.350199391,5.3002066,0.326128864
1999,,,135,,,0.826023495,,,,,6.174407563,0.438683226,4.781313453,0.407442617
2000,,,105,,,0.06701526,,,,,6.760419228,0.258168113,9.427010611,0.20330827
2000,,,106,,,0.123452025,,,,,7.489279555,0.19688081,9.502039207,0.155258174
2000,,,107,,,0.209289364,,,,,8.157505085,0.147812402,9.556905859,0.117111696
2000,2000-04-17,2000/4/17,108,15010,0.141221374,0.32285222,4846,10164,8.486117676,9.226704562,8.765095816,0.109225421,9.591610566,0.087410389
2000,2000-04-18,2000/4/18,109,30380,,0.451507771,13717,16663,9.526449983,9.721017619,9.31205175,0.079519467,9.606153327,0.064814649
2000,2000-04-19,2000/4/19,110,31750,0.713740458,0.576672564,18309,13441,9.815221966,9.506113083,9.798372886,0.057231212,9.600534144,0.048103718
2000,2000-04-20,2000/4/20,111,36000,,0.683614497,24610,11390,10.11095373,9.340568149,10.22405922,0.041034395,9.574753015,0.036175682
2000,2000-04-21,2000/4/21,112,55350,0.666666667,0.766621517,42433,12917,10.65569345,9.466415597,10.58911076,0.029739823,9.528809942,0.028047473
2000,2000-04-22,2000/4/22,113,58300,0.833333333,0.82718769,48225,10075,10.78365445,9.217907437,10.89352751,0.022295373,9.462704923,0.022854868
2000,,,114,,,0.86988182,,,,,11.13730945,0.017785991,9.376437959,0.019852487
2000,2000-04-24,2000/4/24,115,200000,,0.899492453,179898,20102,12.10015359,9.908599932,11.3204566,0.015433692,9.27000905,0.018413797
2000,2000-04-25,2000/4/25,116,106550,,0.919891689,98014,8536,11.49288049,9.05211112,11.44296895,0.014597559,9.143418196,0.018031108
2000,2000-04-26,2000/4/26,117,103550,,0.933872158,96702,6848,11.47940448,8.831790486,11.5048465,0.014773745,8.996665397,0.018315578
2000,2000-04-27,2000/4/27,118,126350,,0.943332498,119190,7160,11.68848304,8.876396384,11.50608926,0.01559547,8.829750653,0.018997207
2000,2000-04-28,2000/4/28,119,111175,,0.949515287,105562,5613,11.56706664,8.632954276,11.44669721,0.016833027,8.642673964,0.019924841
2000,2000-04-29,2000/4/29,120,74500,,0.953199889,71013,3487,11.17063784,8.156971478,11.32667037,0.018393772,8.43543533,0.021066171
2000,,,121,,,0.954833958,,,,,11.14600873,0.020322136,8.20803475,0.022507731
2000,2000-05-01,2000/5/1,122,95150,,0.954611241,90831,4319,11.41676978,8.370950601,10.9047123,0.022799614,7.960472226,0.024454904
2000,2000-05-02,2000/5/2,123,12000,0.666666667,0.952505517,11430,570,9.344090034,6.347273262,10.60278106,0.026144772,7.692747756,0.027231914
2000,2000-05-03,2000/5/3,124,22650,,0.948266001,21478,1172,9.974841464,7.067128083,10.24021503,0.030813246,7.404861342,0.031281831
2000,,,125,,,0.941373451,,,,,9.817014203,0.037397739,7.096812982,0.037166572
2000,2000-05-05,2000/5/5,126,9000,,0.930950313,8379,621,9.033549829,6.433658776,9.333178576,0.046628023,6.768602677,0.045566896
2000,2000-05-06,2000/5/6,127,13900,0.976,0.915614646,12727,1173,9.451562994,7.068134877,8.788708151,0.05937094,6.420230428,0.057282407
2000,,,128,,,0.893273067,,,,,8.183602929,0.0766304,6.051696233,0.073231558
2000,,,129,,,0.860881492,,,,,7.517862909,0.099547383,5.663000093,0.094451641
2000,,,130,,,0.814306222,,,,,6.791488091,0.129399937,5.254142008,0.122098798
2000,,,131,,,0.748652639,,,,,6.004478475,0.167603179,4.825121978,0.157448012
2000,,,132,,,0.659762449,,,,,5.156834062,0.215709294,4.375940002,0.201893113
2000,,,133,,,0.547513018,,,,,4.248554851,0.275407538,3.906596082,0.256946777
2000,,,134,,,0.419850674,,,,,3.279640842,0.348524235,3.417090217,0.324240522
2000,,,135,,,0.293218148,,,,,2.250092036,0.437022777,2.907422406,0.405524712
2001,,,105,,,0.688721347,,,,,6.126438573,0.256099341,5.703022594,0.200953399
2001,,,106,,,0.716091299,,,,,6.828302934,0.194851999,6.227245428,0.152988956
2001,2001-04-17,2001/4/17,107,30,,0.740703175,22,8,3.145061143,2.172351657,7.477834784,0.145822682,6.708507942,0.114924158
2001,2001-04-18,2001/4/18,108,32500,,0.762704224,24788,7712,10.11815074,8.950677109,8.075034124,0.10727392,7.146810136,0.085300558
2001,2001-04-19,2001/4/19,109,33100,,0.782273414,25893,7207,10.16177622,8.882912115,8.619900953,0.077605315,7.542152009,0.062778551
2001,2001-04-20,2001/4/20,110,14800,,0.799605471,11834,2966,9.378830123,7.995252367,9.112435271,0.055353538,7.894533562,0.046137381
2001,,,111,,,0.814898822,,,,,9.552637079,0.039192328,8.203954794,0.034275133
2001,,,112,,,0.828347013,,,,,9.940506376,0.027932492,8.470415707,0.026208739
2001,2001-04-23,2001/4/23,113,72750,,0.840132996,61120,11630,11.02060548,9.361457127,10.27604316,0.020521908,8.693916298,0.021073975
2001,2001-04-24,2001/4/24,114,74500,0.733727811,0.85042567,63357,11143,11.05655192,9.318682323,10.55924744,0.01604552,8.87445657,0.018125463
2001,2001-04-25,2001/4/25,115,81750,0.821052632,0.859378068,70254,11496,11.15988899,9.349827749,10.7901192,0.013725345,9.012036521,0.016736669
2001,2001-04-26,2001/4/26,116,59200,0.88115942,0.867126728,51334,7866,10.84612616,8.970444495,10.96865846,0.012920465,9.106656152,0.016399904
2001,2001-04-27,2001/4/27,117,102350,0.978896104,0.873791829,89433,12917,11.40125166,9.466408422,11.0948652,0.013127032,9.158315462,0.016726324
2001,2001-04-28,2001/4/28,118,91700,0.877018634,0.879477815,80648,11052,11.29786312,9.310446704,11.16873943,0.013978269,9.167014452,0.01744593
2001,2001-04-29,2001/4/29,119,74000,0.786516854,0.88427428,65436,8564,11.08884766,9.055404766,11.19028116,0.015244466,9.132753122,0.018407568
2001,2001-04-30,2001/4/30,120,37400,,0.88825696,33221,4179,10.41096188,8.338111903,11.15949037,0.016832981,9.055531471,0.019578929
2001,2001-05-01,2001/5/1,121,68750,,0.891488727,61290,7460,11.02338585,8.917464835,11.07636707,0.018788243,8.9353495,0.021046548
2001,2001-05-02,2001/5/2,122,22180,,0.894020516,19829,2351,9.894970135,7.762861836,10.94091126,0.021291749,8.772207208,0.023015807
2001,2001-05-03,2001/5/3,123,40900,0.965292842,0.895892138,36642,4258,10.50897738,8.356792386,10.75312294,0.024662064,8.566104597,0.025810929
2001,2001-05-04,2001/5/4,124,24450,,0.897132952,21935,2515,9.995879874,7.830465093,10.51300211,0.029354824,8.317041664,0.029874986
2001,2001-05-05,2001/5/5,125,9900,,0.897762384,8888,1012,9.092552692,6.920821931,10.22054877,0.035962731,8.025018412,0.035769894
2001,2001-05-06,2001/5/6,126,11400,0.785714286,0.897790275,10235,1165,9.233647551,7.061498043,9.875762918,0.04521556,7.690034839,0.044176411
2001,2001-05-07,2001/5/7,127,7350,,0.89721706,6595,755,8.79414976,6.628642526,9.478644556,0.05798015,7.312090946,0.055894144
2001,2001-05-08,2001/5/8,128,14000,,0.896033779,12544,1456,9.437115155,7.283810178,9.029193683,0.075260413,6.891186732,0.071841542
2001,2001-05-09,2001/5/9,129,9870,0.881300813,0.89422191,8826,1044,9.085567114,6.951800635,8.527410299,0.098197328,6.427322198,0.093055901
2001,,,130,,,0.891753035,,,,,7.973294405,0.128068943,5.920497344,0.120693359
2001,2001-05-11,2001/5/11,131,6300,0.983783784,0.888588343,5598,702,8.630362321,6.555205299,7.366846,0.166290374,5.370712169,0.156028902
2001,,,132,,,0.884677965,,,,,6.708065084,0.214413809,4.777966674,0.20045636
2001,,,133,,,0.879960177,,,,,5.996951658,0.274128501,4.142260859,0.255488407
2001,2001-05-14,2001/5/14,134,870,,0.874360482,761,109,6.6355444,4.703261777,5.233505721,0.347260775,3.463594723,0.322756562
2001,2001-05-15,2001/5/15,135,30,,0.867790616,26,4,3.297084919,1.602671377,4.417727273,0.435774023,2.741968267,0.40401119
2002,,,105,,,0.030035545,,,,,6.956183838,0.254442264,10.43075791,0.199002911
2002,,,106,,,0.058321705,,,,,7.604192299,0.193234884,10.3851397,0.151124121
2002,,,107,,,0.106091684,,,,,8.1999259,0.144244657,10.330049,0.113141002
2002,2002-04-18,2002/4/18,108,17300,,0.178916086,3095,14205,8.037946429,9.561402211,8.743384641,0.105734115,10.26548582,0.083595108
2002,2002-04-19,2002/4/19,109,42400,0.141439206,0.277095289,11749,30651,9.371594924,10.3304584,9.234568522,0.076102859,10.19145016,0.061146836
2002,2002-04-20,2002/4/20,110,39800,0.197875166,0.392474587,15620,24180,9.656402716,10.09330228,9.673477543,0.05388756,10.10794202,0.044575426
2002,,,111,,,0.510566634,,,,,10.0601117,0.037761957,10.01496139,0.032778966
2002,2002-04-22,2002/4/22,112,37800,0.877316858,0.617433573,23339,14461,10.05792344,9.579280556,10.394471,0.026536857,9.91250828,0.024774386
2002,2002-04-23,2002/4/23,113,67000,,0.705217161,47250,19750,10.76321957,9.890982195,10.67655544,0.019160138,9.800582689,0.019697465
2002,2002-04-24,2002/4/24,114,129000,,0.772602623,99666,29334,11.50958728,10.28654554,10.90636503,0.014716745,9.679184615,0.016802822
2002,2002-04-25,2002/4/25,115,117000,,0.822162239,96193,20807,11.47412208,9.943093677,11.08389975,0.012428693,9.548314059,0.015463924
2002,2002-04-26,2002/4/26,116,195700,,0.857693989,167851,27849,12.03083621,10.23459853,11.20915961,0.011655066,9.40797102,0.015173082
2002,2002-04-27,2002/4/27,117,166000,,0.882743466,146535,19465,11.89502925,9.876403295,11.28214461,0.011892016,9.2581555,0.015541452
2002,2002-04-28,2002/4/28,118,73400,,0.900094469,66067,7333,11.09843879,8.900285345,11.30285475,0.012772764,9.098867497,0.016299036
2002,2002-04-29,2002/4/29,119,52400,0.880418535,0.911740989,47775,4625,10.77428347,8.439398592,11.27129003,0.0140676,8.930107011,0.017294678
2002,2002-04-30,2002/4/30,120,58500,0.864442127,0.919018605,53763,4737,10.89235172,8.463457255,11.18745045,0.015683885,8.751874044,0.018496071
2002,2002-05-01,2002/5/1,121,48530,0.906788793,0.92274883,44781,3749,10.70956157,8.229510927,11.05133601,0.017666046,8.564168593,0.019989748
2002,2002-05-02,2002/5/2,122,15300,0.84406165,0.923346153,14127,1173,9.555927806,7.068004918,10.86294671,0.020195579,8.366990661,0.021981092
2002,2002-05-03,2002/5/3,123,57500,0.961449499,0.920876433,52950,4550,10.87712969,8.423015496,10.62228255,0.023591051,8.160340246,0.024794327
2002,2002-05-04,2002/5/4,124,48650,0.928863451,0.915066417,44518,4132,10.70367092,8.326763361,10.32934353,0.028308097,7.944217349,0.028872524
2002,2002-05-05,2002/5/5,125,27050,,0.905264672,24487,2563,10.1059552,7.849164139,9.984129645,0.03493942,7.71862197,0.034777598
2002,2002-05-06,2002/5/6,126,37500,,0.8903533,33388,4112,10.41598923,8.321847483,9.586640904,0.044214792,7.483554108,0.043190309
2002,2002-05-07,2002/5/7,127,11150,,0.868615323,9685,1465,9.178443106,7.29025137,9.136877303,0.057001056,7.239013764,0.054910263
2002,2002-05-08,2002/5/8,128,680,,0.837587737,570,110,6.346617741,4.713489368,8.634838843,0.074302122,6.985000938,0.070855909
2002,2002-05-09,2002/5/9,129,4500,,0.793999886,3573,927,8.181440552,6.833032286,8.080525522,0.097258968,6.721515629,0.092064543
2002,2002-05-10,2002/5/10,130,4000,0.953389831,0.734041719,2936,1064,7.985200748,6.970573375,7.473937341,0.127149644,6.448557838,0.119692303
2002,,,131,,,0.654402437,,,,,6.8150743,0.165389265,6.166127564,0.155014176
2002,,,132,,,0.554500094,,,,,6.103936399,0.213530019,5.874224809,0.19942399
2002,2002-05-13,2002/5/13,133,802,0.293680297,0.439422451,352,450,5.867648114,6.110542731,5.340523638,0.273261159,5.572849571,0.25443442
2002,,,134,,,0.321108705,,,,,4.524836017,0.346409011,5.26200185,0.321676985
2002,2002-05-15,2002/5/15,135,198,0.541666667,0.214728516,43,155,3.773134346,5.052952195,3.656873535,0.434936966,4.941681647,0.40290205
2003,,,105,,,0.002442609,,,,,5.625106098,0.253196883,11.53716534,0.197456806
2003,2003-04-16,2003/4/16,106,50550,,0.006509659,329,50221,5.799284365,10.8242072,6.387471579,0.192029465,11.32035654,0.149663668
2003,2003-04-17,2003/4/17,107,63900,0.077586207,0.016285902,1041,62859,6.948579657,11.04867057,7.094673692,0.143078328,11.1058213,0.111762229
2003,2003-04-18,2003/4/18,108,46500,,0.037996,1767,44733,7.477499026,10.70849328,7.746712438,0.104606006,10.89355963,0.082294042
2003,2003-04-19,2003/4/19,109,51450,0.102415459,0.081701959,4204,47246,8.343926308,10.76315363,8.343587816,0.075012099,10.68357152,0.059919503
2003,2003-04-20,2003/4/20,110,67400,0.094133697,0.159124814,10725,56675,9.280427143,10.9451059,8.885299826,0.052833278,10.47585699,0.043417854
2003,2003-04-21,2003/4/21,111,44210,0.250847458,0.27538533,12175,32035,9.407204457,10.37462225,9.371848468,0.036743281,10.27041601,0.031687181
2003,2003-04-22,2003/4/22,112,51800,0.288321168,0.418827833,21695,30105,9.984896177,10.31247041,9.803233742,0.025552918,10.06724861,0.023744417
2003,2003-04-23,2003/4/23,113,40000,0.454935622,0.563379843,22535,17465,10.02287791,9.768000322,10.17945565,0.018210064,9.866354774,0.018725337
2003,2003-04-24,2003/4/24,114,78100,0.750410509,0.685672355,53551,24549,10.88840863,10.10846669,10.50051419,0.013799666,9.667734504,0.015884563
2003,2003-04-25,2003/4/25,115,65000,0.980645161,0.776889941,50498,14502,10.82970577,9.582121412,10.76640936,0.011543738,9.471387801,0.014595561
2003,2003-04-26,2003/4/26,116,113200,,0.839955763,95083,18117,11.46251591,9.804661616,10.97714116,0.010801363,9.277314665,0.014350642
2003,2003-04-27,2003/4/27,117,90000,,0.88192223,79373,10627,11.28192615,9.271247237,11.1327096,0.011068695,9.085515096,0.014760963
2003,2003-04-28,2003/4/28,118,81000,,0.909390688,73661,7339,11.20723753,8.901142391,11.23311467,0.011978954,8.895989094,0.015556524
2003,2003-04-29,2003/4/29,119,87500,,0.927187703,81129,6371,11.30380715,8.759680597,11.27835637,0.013302431,8.708736659,0.016586171
2003,2003-04-30,2003/4/30,120,55000,0.946721311,0.938481229,51616,3384,10.85161541,8.12697104,11.2684347,0.014946485,8.52375779,0.017817594
2003,2003-05-01,2003/5/1,121,53000,,0.945223793,50097,2903,10.82173359,7.973892223,11.20334966,0.016955544,8.341052489,0.01933733
2003,2003-05-02,2003/5/2,122,48200,0.858072917,0.948534529,45719,2481,10.73029909,7.816673186,11.08310126,0.019511105,8.160620755,0.02135076
2003,2003-05-03,2003/5/3,123,25800,0.961267606,0.948944852,24483,1317,10.10576602,7.184039764,10.90768949,0.022931734,7.982462587,0.024182107
2003,2003-05-04,2003/5/4,124,18700,0.944262295,0.946519653,17700,1000,9.781371754,6.908837182,10.67711435,0.027673066,7.806577987,0.028274444
2003,2003-05-05,2003/5/5,125,32200,0.963302752,0.94087223,30296,1904,10.31880681,7.552192241,10.39137585,0.034327804,7.632966953,0.034189685
2003,2003-05-06,2003/5/6,126,16800,0.880116959,0.9310757,15642,1158,9.657783399,7.055250925,10.05047397,0.04362572,7.461629487,0.04260859
2003,2003-05-07,2003/5/7,127,18400,,0.915456208,16844,1556,9.731832559,7.350262944,9.654408731,0.056433658,7.292565587,0.054330764
2003,2003-05-08,2003/5/8,128,16910,0.946808511,0.891249674,15071,1839,9.620596119,7.517503465,9.203180122,0.073755526,7.125775254,0.070274658
2003,2003-05-09,2003/5/9,129,23130,,0.854156832,19757,3373,9.891295911,8.123958728,8.696788145,0.096732304,6.961258489,0.091477567
2003,,,130,,,0.798056583,,,,,8.1352328,0.12664204,6.79901529,0.11909563
2003,,,131,,,0.715733745,,,,,7.518514087,0.164899852,6.639045658,0.154403831
2003,,,132,,,0.602333566,,,,,6.846632007,0.213057925,6.481349593,0.198796001
2003,,,133,,,0.462469407,,,,,6.119586559,0.272805514,6.325927095,0.253784815
2003,,,134,,,0.315741395,,,,,5.337377743,0.345968942,6.172778164,0.32100179
2003,,,135,,,0.189413809,,,,,4.50000556,0.434511604,6.0219028,0.402197293
2004,,,105,,,0.028994743,,,,,7.744670495,0.252363198,11.31664301,0.196315083
2004,2004-04-15,2004/4/15,106,101500,0.037037037,0.050526717,5128,96372,8.542756018,11.47597657,8.301524439,0.191235741,11.26518763,0.148607597
2004,2004-04-16,2004/4/16,107,110000,,0.083978415,9238,100762,9.131148415,11.52053022,8.805253086,0.142323695,11.19700359,0.110787838
2004,,,108,,,0.132452944,,,,,9.255856438,0.103889592,11.11209087,0.081397357
2004,,,109,,,0.197294289,,,,,9.653334493,0.074333034,11.01044949,0.059096552
2004,2004-04-19,2004/4/19,110,99500,,0.276672364,27529,71971,10.22302797,11.18403382,9.997687253,0.052190691,10.89207944,0.042664664
2004,2004-04-20,2004/4/20,111,77000,0.185185185,0.365249331,28124,48876,10.2444212,10.79705816,10.28891472,0.036136302,10.75698072,0.030999779
2004,2004-04-21,2004/4/21,112,47200,0.767175573,0.455576686,21503,25697,9.976004454,10.1541599,10.52701688,0.024980674,10.60515333,0.02311883
2004,2004-04-22,2004/4/22,113,53500,0.413793103,0.540520636,28918,24582,10.27224905,10.10981637,10.71199375,0.017671686,10.43659727,0.018157592
2004,2004-04-23,2004/4/23,114,55450,0.472222222,0.615183359,34112,21338,10.4374314,9.968295542,10.84384533,0.013294282,10.25131254,0.015370687
2004,2004-04-24,2004/4/24,115,46000,0.851485149,0.677428856,31162,14838,10.34697802,9.605032501,10.92257161,0.011070478,10.04929914,0.014131581
2004,2004-04-25,2004/4/25,116,65500,,0.727290934,47638,17862,10.77139772,9.79051166,10.94817259,0.010359356,9.830557076,0.013932586
2004,2004-04-26,2004/4/26,117,59000,0.820987654,0.766020257,45195,13805,10.71876818,9.532844425,10.92064828,0.01065707,9.595086341,0.014384856
2004,2004-04-27,2004/4/27,118,101000,0.769444444,0.795294462,80325,20675,11.2938454,9.936741429,10.83999867,0.01159684,9.342886938,0.015218394
2004,2004-04-28,2004/4/28,119,82000,,0.816740542,66973,15027,11.11205565,9.617688745,10.70622376,0.012948957,9.073958865,0.016282046
2004,2004-04-29,2004/4/29,120,35600,,0.831712072,29609,5991,10.29586572,8.698188912,10.51932356,0.01462078,8.788302124,0.017543501
2004,2004-04-30,2004/4/30,121,60000,,0.841217401,50473,9527,10.8292145,9.161985486,10.27929806,0.016656738,8.485916714,0.019089295
2004,2004-05-01,2004/5/1,122,25990,,0.845917178,21985,4005,9.998178789,8.295451794,9.986147266,0.019238327,8.166802635,0.02112481
2004,2004-05-02,2004/5/2,123,26300,,0.846142511,22254,4046,10.01030167,8.305842819,9.639871176,0.022684113,7.830959888,0.02397427
2004,2004-05-03,2004/5/3,124,17900,0.833333333,0.841909337,15070,2830,9.620539399,7.948322717,9.240469789,0.02744973,7.478388471,0.028080746
2004,2004-05-04,2004/5/4,125,1800,,0.832919195,1499,301,7.313390073,5.70958378,8.787943107,0.034127883,7.109088386,0.034006154
2004,2004-05-05,2004/5/5,126,2240,,0.818545983,1834,406,7.514550684,6.009935403,8.282291128,0.043448344,6.723059632,0.042431253
2004,2004-05-06,2004/5/6,127,3050,,0.797817373,2433,617,7.797432178,6.425933309,7.723513853,0.056277955,6.320302209,0.054155648
2004,2004-05-07,2004/5/7,128,2000,,0.769413444,1539,461,7.339425279,6.13593952,7.111611282,0.073620626,5.900816117,0.07009779
2004,,,129,,,0.731728259,,,,,6.446583415,0.096617335,5.464601356,0.091294974
2004,,,130,,,0.683072556,,,,,5.728430252,0.126546133,5.011657926,0.118903339
2004,,,131,,,0.622120973,,,,,4.957151792,0.164822134,4.541985828,0.154197869
2004,,,132,,,0.548671757,,,,,4.132748037,0.212997526,4.055585061,0.198572396
2004,,,133,,,0.464600156,,,,,3.255218985,0.272761563,3.552455624,0.253539592
2004,,,134,,,0.374521898,,,,,2.324564638,0.34594057,3.032597519,0.320730978
2004,,,135,,,0.285409917,,,,,1.340784994,0.434497938,2.496010746,0.401896918
2005,,,105,,,0.007004218,,,,,7.067877604,0.251941209,11.91274178,0.195577743
2005,,,106,,,0.016813201,,,,,7.676656354,0.190853713,11.64836396,0.14795591
2005,,,107,,,0.03778224,,,,,8.235125096,0.141980757,11.38732535,0.11021783
2005,2005-04-18,2005/4/18,108,27500,,0.078673048,2164,25336,7.67994874,10.14004044,8.743283829,0.103584874,11.12962595,0.080905056
2005,2005-04-19,2005/4/19,109,47900,0.089350181,0.149570595,7164,40736,8.877023559,10.61488146,9.201132554,0.074065665,10.87526577,0.058677984
2005,2005-04-20,2005/4/20,110,55425,0.170466884,0.255445424,14158,41267,9.558110167,10.62784114,9.60867127,0.0519598,10.62424479,0.042315857
2005,2005-04-21,2005/4/21,111,61100,0.46997389,0.38795233,23704,37396,10.07343652,10.52934878,9.965899978,0.035941018,10.37656302,0.03071676
2005,2005-04-22,2005/4/22,112,95700,,0.5258709,50326,45374,10.82629391,10.72271998,10.27281868,0.024820127,10.13222046,0.022897625
2005,2005-04-23,2005/4/23,113,121500,0.854545455,0.647651961,78690,42810,11.27328043,10.66455706,10.52942737,0.017545004,9.891217113,0.017994229
2005,2005-04-24,2005/4/24,114,142200,0.726750861,0.742603789,105598,36602,11.56740663,10.50787841,10.73572605,0.013200594,9.653552977,0.015261193
2005,2005-04-25,2005/4/25,115,124000,0.863226863,0.810922,100554,23446,11.51846338,10.06248385,10.89171472,0.011008913,9.41922805,0.014071984
2005,2005-04-26,2005/4/26,116,71600,0.805194805,0.857921458,61427,10173,11.02562391,9.227573384,10.99739339,0.010329044,9.188242334,0.013918911
2005,2005-04-27,2005/4/27,117,38650,0.969072165,0.889525845,34380,4270,10.44526442,8.359562547,11.05276205,0.01065714,8.960595828,0.014413132
2005,2005-04-28,2005/4/28,118,49650,0.939779006,0.910465788,45205,4445,10.71897684,8.399844127,11.0578207,0.011626421,8.736288533,0.015284647
2005,2005-04-29,2005/4/29,119,36700,0.932078009,0.924030855,33912,2788,10.43155171,7.933462637,11.01256934,0.013007179,8.515320448,0.016382303
2005,2005-04-30,2005/4/30,120,28850,0.898678414,0.93233701,26898,1952,10.19984152,7.577161495,10.91700797,0.014706772,8.297691574,0.017673789
2005,2005-05-01,2005/5/1,121,79650,0.842553191,0.936644727,74604,5046,11.21995949,8.52659832,10.77113659,0.016769628,8.08340191,0.019245642
2005,2005-05-02,2005/5/2,122,69820,0.855520505,0.937590218,65463,4357,11.08924876,8.379871989,10.57495521,0.019377244,7.872451457,0.021303243
2005,2005-05-03,2005/5/3,123,27000,,0.935311134,25253,1747,10.1367557,7.465998341,10.32846381,0.022848187,7.664840214,0.024170816
2005,2005-05-04,2005/5/4,124,12100,,0.929474396,11247,853,9.327913625,6.750352425,10.03166241,0.02763809,7.460568181,0.028291432
2005,2005-05-05,2005/5/5,125,13700,0.891816921,0.919209217,12593,1107,9.440988992,7.010161789,9.684550998,0.034339659,7.259635359,0.034227006
2005,2005-05-06,2005/5/6,126,14250,0.853896104,0.902938743,12867,1383,9.462489337,7.232821942,9.287129579,0.043682664,7.062041748,0.042658299
2005,2005-05-07,2005/5/7,127,2450,,0.878107348,2151,299,7.674321589,5.702571732,8.839398151,0.056533948,6.867787346,0.054384915
2005,,,128,,,0.840854251,,,,,8.341356715,0.073897421,6.676872156,0.070325305
2005,2005-05-09,2005/5/9,129,3242,0.87755102,0.785872314,2548,694,7.84337717,6.544202393,7.79300527,0.096914063,6.489296175,0.091516763
2005,2005-05-10,2005/5/10,130,1190,0.623318386,0.707132936,841,349,6.736359649,5.85653734,7.194343817,0.126861921,6.305059405,0.11911543
2005,2005-05-11,2005/5/11,131,1640,,0.600711856,985,655,6.893826161,6.485905507,6.545372356,0.165156112,6.124161846,0.15439629
2005,2005-05-12,2005/5/12,132,890,,0.470289631,419,471,6.039201233,6.157915471,5.846090885,0.213348823,5.946603497,0.198753173
2005,2005-05-13,2005/5/13,133,1000,,0.331647912,332,668,5.80708461,6.506310212,5.096499407,0.273129309,5.772384358,0.253698753
2005,,,134,,,0.208029103,,,,,4.29659792,0.346323892,5.60150443,0.320864549
2005,,,135,,,0.11636647,,,,,3.446386424,0.434895967,5.433963712,0.402000926
2006,,,105,,,0.297432299,,,,,8.745034923,0.251930915,9.710602949,0.195244785
2006,,,106,,,0.346614897,,,,,9.124211493,0.190883381,9.838469876,0.147708604
2006,,,107,,,0.39734481,,,,,9.475021353,0.142049515,9.947909535,0.110052204
2006,2006-04-18,2006/4/18,108,18000,,0.44835475,8070,9930,8.996080431,9.203377639,9.797464501,0.103691852,10.03892193,0.080817137
2006,2006-04-19,2006/4/19,109,18000,,0.49842719,8972,9028,9.101940734,9.108231296,10.09154094,0.074209991,10.11150705,0.058663799
2006,2006-04-20,2006/4/20,110,71350,0.345718901,0.546501891,38993,32357,10.57116076,10.38461935,10.35725067,0.052140604,10.1656649,0.042371432
2006,2006-04-21,2006/4/21,111,108400,,0.59174731,64145,44255,11.06892338,10.69773701,10.59459368,0.036157429,10.20139549,0.030838123
2006,2006-04-22,2006/4/22,112,142400,0.878571429,0.633589942,90223,52177,11.41005305,10.86241225,10.80356999,0.025071274,10.21869881,0.023080803
2006,2006-04-23,2006/4/23,113,187600,0.96,0.671706434,126012,61588,11.74414136,11.0282365,10.98417958,0.017830017,10.21757485,0.018235249
2006,2006-04-24,2006/4/24,114,138500,0.813232831,0.70598978,97780,40720,11.49048131,10.61450941,11.13642246,0.013518602,10.19802364,0.015556082
2006,2006-04-25,2006/4/25,115,191500,,0.736502371,141040,50460,11.85680735,10.828952,11.26029863,0.011359045,10.16004515,0.014416768
2006,2006-04-26,2006/4/26,116,190000,0.873493976,0.763426646,145051,44949,11.88484801,10.71330464,11.3558081,0.010710429,10.10363939,0.014309619
2006,2006-04-27,2006/4/27,117,178000,,0.78702046,140090,37910,11.85004493,10.54300603,11.42295085,0.011068906,10.02880637,0.01484579
2006,2006-04-28,2006/4/28,118,108300,0.768644068,0.807580732,87461,20839,11.37895962,9.944629819,11.46172689,0.012067699,9.935546079,0.015755283
2006,2006-04-29,2006/4/29,119,75500,0.78030303,0.825416265,62319,13181,11.04003653,9.486613004,11.47213621,0.013477096,9.82385852,0.016886943
2006,2006-04-30,2006/4/30,120,122000,0.878012048,0.840828986,102581,19419,11.53841909,9.874051721,11.45417883,0.015204459,9.693743692,0.018208461
2006,2006-05-01,2006/5/1,121,54100,0.775659824,0.854102099,46207,7893,10.74090657,8.97386794,11.40785474,0.017294213,9.545201596,0.019806372
2006,2006-05-02,2006/5/2,122,55000,0.886705202,0.865493462,47602,7398,10.77065401,8.909081156,11.33316393,0.019927857,9.378232232,0.021886058
2006,2006-05-03,2006/5/3,123,84000,0.849250197,0.875232673,73520,10480,11.20532016,9.25736283,11.23010642,0.023423957,9.1928356,0.024771744
2006,2006-05-04,2006/5/4,124,75000,0.889724311,0.883520588,66264,8736,11.1014178,9.075317115,11.09868219,0.028238146,8.9890117,0.028906499
2006,2006-05-05,2006/5/5,125,47500,0.887052342,0.890530341,42300,5200,10.65257053,8.556569429,10.93889125,0.03496313,8.766760531,0.03485224
2006,2006-05-06,2006/5/6,126,45200,0.792592593,0.896409177,40518,4682,10.60951875,8.45175938,10.7507336,0.044328679,8.526082094,0.043289727
2006,2006-05-07,2006/5/7,127,38150,,0.90128063,34384,3766,10.44537152,8.234072421,10.53420924,0.057201637,8.266976389,0.055018564
2006,2006-05-08,2006/5/8,128,50300,0.929022082,0.905246762,45534,4766,10.72623461,8.469490892,10.28931817,0.074585913,7.989443416,0.070957202
2006,2006-05-09,2006/5/9,129,30050,0.937219731,0.908390251,27297,2753,10.21457337,7.920763546,10.01606039,0.097622486,7.693483175,0.092142935
2006,2006-05-10,2006/5/10,130,16655,0.909722222,0.91077625,15169,1486,9.627073652,7.304530438,9.714435901,0.127589405,7.379095665,0.119731904
2006,2006-05-11,2006/5/11,131,6150,0.982142857,0.912453928,5612,538,8.632767863,6.290472873,9.384444697,0.165901786,7.046280888,0.154999093
2006,2006-05-12,2006/5/12,132,4670,,0.913457687,4266,404,8.35863052,6.004263788,9.026086783,0.214111816,6.695038842,0.199338332
2006,2006-05-13,2006/5/13,133,8200,,0.913808035,7493,707,8.921888122,6.562124988,8.639362158,0.27390875,6.325369528,0.254262295
2006,2006-05-14,2006/5/14,134,6725,0.897310513,0.913512118,6143,582,8.72329133,6.367554068,8.224270822,0.347118911,5.937272946,0.321402502
2006,2006-05-15,2006/5/15,135,5665,0.929236499,0.9125639,5170,495,8.550758422,6.207231977,7.780812775,0.435705692,5.530749095,0.402509317
2007,,,105,,,0.016047538,,,,,7.792340677,0.252332317,11.86974576,0.19531621
2007,2007-04-16,2007/4/16,106,67000,0.058524173,0.034966304,2343,64657,7.759504234,11.0768711,8.323021922,0.191324744,11.60920103,0.147865682
2007,2007-04-17,2007/4/17,107,70500,0.0625,0.071095109,5012,65488,8.519830753,11.08963434,8.8089457,0.142529969,11.35382484,0.110290961
2007,2007-04-18,2007/4/18,108,78000,0.2,0.133235267,10392,67608,9.248921537,11.1214912,9.25011201,0.104210525,11.10361719,0.0811336
2007,2007-04-19,2007/4/19,109,94000,0.164665523,0.226922979,21331,72669,9.967952322,11.19368723,9.646520852,0.074766014,10.85857808,0.059053996
2007,2007-04-20,2007/4/20,110,60700,0.411458333,0.347660524,21103,39597,9.957217582,10.58653405,9.998172227,0.052733104,10.61870751,0.04283139
2007,2007-04-21,2007/4/21,111,65000,0.45323741,0.479171357,31146,33854,10.34647765,10.4298379,10.30506613,0.036785537,10.38400549,0.031363868
2007,2007-04-22,2007/4/22,112,57500,0.659003831,0.60160553,34592,22908,10.45141582,10.03927124,10.56720257,0.025734118,10.15447201,0.023668364
2007,2007-04-23,2007/4/23,113,60400,0.896373057,0.70208114,42406,17994,10.65506167,9.797865844,10.78458155,0.018526726,9.930107074,0.018880651
2007,2007-04-24,2007/4/24,114,126400,0.611413043,0.777618672,98291,28109,11.49569792,10.24388066,10.95720305,0.014248306,9.710910678,0.016255354
2007,2007-04-25,2007/4/25,115,126800,0.853476821,0.831459129,105429,21371,11.56580267,9.969836109,11.08506709,0.012120872,9.496882825,0.015165936
2007,2007-04-26,2007/4/26,116,153000,0.872472784,0.868722624,132915,20085,11.79746933,9.907800163,11.16817366,0.011503509,9.288023513,0.01510471
2007,2007-04-27,2007/4/27,117,107500,0.867283951,0.89406619,96112,11388,11.47328106,9.34039312,11.20652276,0.011892368,9.084332745,0.015682831
2007,2007-04-28,2007/4/28,118,128000,,0.910988575,116607,11393,11.6665692,9.340882766,11.20011439,0.012920672,8.885810518,0.016630301
2007,2007-04-29,2007/4/29,119,180000,0.946768061,0.921875916,165938,14062,12.01937351,9.551326345,11.14894856,0.01435871,8.692456833,0.017795965
2007,2007-04-30,2007/4/30,120,86200,0.872340426,0.928242806,80015,6185,11.28997602,8.730119944,11.05302526,0.016113841,8.504271691,0.019147515
2007,2007-05-01,2007/5/1,121,41300,0.916666667,0.930954492,38448,2852,10.5570989,7.955978943,10.91234449,0.018230494,8.321255091,0.020771485
2007,2007-05-02,2007/5/2,122,48000,,0.930372813,44658,3342,10.70680878,8.114655288,10.72690625,0.020890166,8.143407033,0.022873256
2007,2007-05-03,2007/5/3,123,13300,,0.926420537,12321,979,9.419173467,6.887151326,10.49671055,0.024411422,7.970727518,0.025777054
2007,2007-05-04,2007/5/4,124,4420,0.946731235,0.918567485,4060,360,8.309201342,5.888688792,10.22175737,0.029249898,7.803216545,0.029925949
2007,2007-05-05,2007/5/5,125,5955,,0.90573745,5394,561,8.593166062,6.332095068,9.902046734,0.035998296,7.640874114,0.035881857
2007,2007-05-06,2007/5/6,126,9050,0.90952381,0.886133067,8020,1030,8.989756574,6.938765206,9.537578626,0.04538639,7.483700225,0.044325537
2007,2007-05-07,2007/5/7,127,9600,,0.856995196,8227,1373,9.015316953,7.225369468,9.128353052,0.058281021,7.331694878,0.056056596
2007,2007-05-08,2007/5/8,128,11500,0.803167421,0.814393969,9366,2134,9.144898044,7.666441742,8.674370009,0.075686099,7.184858074,0.071993481
2007,2007-05-09,2007/5/9,129,6740,,0.753362731,5078,1662,8.532803672,7.41658002,8.175629499,0.098742604,7.043189812,0.09317349
2007,2007-05-10,2007/5/10,130,3450,,0.669070629,2308,1142,7.744696986,7.041154701,7.632131521,0.128728584,6.906690092,0.120752761
2007,2007-05-11,2007/5/11,131,8500,,0.559932362,4759,3741,8.468092245,8.227261904,7.043876076,0.167059156,6.775358915,0.156006279
2007,,,132,,,0.432253404,,,,,6.410863163,0.215286505,6.64919628,0.200327874
2007,,,133,,,0.302237095,,,,,5.733092783,0.275099887,6.528202187,0.255230221
2007,2007-05-14,2007/5/14,134,700,,0.189828394,133,567,4.896942951,6.342332882,5.010564934,0.348325625,6.412376636,0.322344838
2007,,,135,,,0.107547826,,,,,4.243279618,0.436927113,6.301719627,0.40342209
2008,,,105,,,0.003994642,,,,,6.321239934,0.253145415,11.71047693,0.195792017
2008,,,106,,,0.009135506,,,,,6.994856659,0.192177803,11.55361998,0.148427141
2008,2008-04-16,2008/4/16,107,77600,0.155844156,0.019869165,1542,76058,7.341384845,11.23926664,7.619938306,0.143422119,11.39310576,0.1109341
2008,2008-04-17,2008/4/17,108,105000,,0.040889923,4293,100707,8.365076892,11.51997613,8.196484876,0.105140895,11.22893427,0.081854446
2008,2008-04-18,2008/4/18,109,80000,,0.078984535,6319,73681,8.751436959,11.20751703,8.724496369,0.075733732,11.06110552,0.059848575
2008,2008-04-19,2008/4/19,110,31500,,0.141629094,4461,27039,8.403423295,10.20506083,9.203972785,0.0537373,10.8896195,0.04369573
2008,2008-04-20,2008/4/20,111,45100,0.28,0.23291537,10504,34596,9.259652609,10.45150829,9.634914123,0.03782534,10.71447621,0.032293997
2008,2008-04-21,2008/4/21,112,63800,0.278615794,0.348300801,22222,41578,10.00886467,10.63536035,10.01732038,0.026808657,10.53567566,0.024660307
2008,2008-04-22,2008/4/22,113,68100,0.513812155,0.473622347,32254,35846,10.38141848,10.48702404,10.35119157,0.01963513,10.35321783,0.019930436
2008,2008-04-23,2008/4/23,114,107300,0.484543494,0.591652741,63484,43816,11.05856428,10.68776941,10.63652767,0.015389705,10.16710274,0.017359007
2008,2008-04-24,2008/4/24,115,98500,0.769827586,0.690554982,68020,30480,11.12756685,10.32486978,10.8733287,0.013294395,9.97733038,0.016319486
2008,2008-04-25,2008/4/25,116,130000,0.705587393,0.766764498,99679,30321,11.50972419,10.31961611,11.06159465,0.012708284,9.783900753,0.016304183
2008,2008-04-26,2008/4/26,117,115100,0.881927711,0.822452057,94664,20436,11.45810207,9.925090922,11.20132553,0.013127526,9.586813858,0.016924255
2008,2008-04-27,2008/4/27,118,152000,0.915105386,0.861936829,131014,20986,11.78307014,9.951639516,11.29252132,0.01418534,9.386069695,0.017909702
2008,2008-04-28,2008/4/28,119,131500,0.911778963,0.889475465,116966,14534,11.66964732,9.584313188,11.33518204,0.015652019,9.181668265,0.01910937
2008,2008-04-29,2008/4/29,120,55300,,0.908447188,50237,5063,10.82452957,8.52988639,11.32930768,0.01743492,8.973609566,0.020490951
2008,2008-04-30,2008/4/30,121,117500,1,0.921271516,108249,9251,11.59220237,9.132551445,11.27489825,0.019578471,8.7618936,0.022140979
2008,2008-05-01,2008/5/1,122,76500,0.968394437,0.929575147,71112,5388,11.17203245,8.592022565,11.17195373,0.022264171,8.546520367,0.024264836
2008,2008-05-02,2008/5/2,123,54000,0.813242784,0.934386929,50457,3543,10.82889449,8.173041172,11.02047414,0.025810584,8.327489865,0.027186747
2008,2008-05-03,2008/5/3,124,22400,,0.936288144,20973,1427,9.951031913,7.264132088,10.82045948,0.030673345,8.104802096,0.031349782
2008,2008-05-04,2008/5/4,125,48000,0.872222222,0.935504598,44904,3096,10.71230934,8.038117907,10.57190973,0.037445159,7.878457059,0.037315856
2008,2008-05-05,2008/5/5,126,13620,,0.931943522,12693,927,9.448890295,6.832955468,10.27482491,0.046855797,7.648454754,0.045765731
2008,2008-05-06,2008/5/6,127,5200,,0.925178339,4811,389,8.478852982,5.966332969,9.929205007,0.059772101,7.414795182,0.05749901
2008,2008-05-07,2008/5/7,128,12300,0.758957655,0.914379936,11247,1053,9.327934341,6.960468019,9.53505003,0.077197982,7.177478342,0.073434143
2008,2008-05-08,2008/5/8,129,18600,0.944805195,0.898190299,16706,1894,9.723603397,7.546794909,9.092359975,0.100274419,6.936504234,0.094608427
2008,2008-05-09,2008/5/9,130,16940,0.943952802,0.874541997,14815,2125,9.603445505,7.662119171,8.601134843,0.130279459,6.691872858,0.122178
2008,,,131,,,0.840464007,,,,,8.061374633,0.168628221,6.443584215,0.157417847
2008,,,132,,,0.792019637,,,,,7.473079346,0.216872889,6.191638303,0.201721799
2008,2008-05-12,2008/5/12,133,2050,,0.724741243,1486,564,7.304327326,6.337321983,6.836248982,0.276702719,5.936035125,0.256602528
2008,,,134,,,0.635194358,,,,,6.15088354,0.349944035,5.676774678,0.323691556
2008,,,135,,,0.524114312,,,,,5.416983021,0.43856023,5.413856963,0.404739245
2009,,,105,,,0.051363351,,,,,6.64784611,0.254370208,9.604943381,0.196672207
2009,,,106,,,0.08807703,,,,,7.513567001,0.193442558,9.90053479,0.149392984
2009,2009-04-17,2009/4/17,107,53320,0.115264798,0.142705361,7609,45711,8.937225004,10.73011503,8.29797428,0.144725964,10.14809184,0.111981622
2009,2009-04-18,2009/4/18,108,36800,,0.217028369,7987,28813,8.985651126,10.26862901,9.001067948,0.10648296,10.34761453,0.082979674
2009,2009-04-19,2009/4/19,109,40500,0.166666667,0.308412777,12491,28009,9.432821102,10.24032695,9.622848004,0.077113146,10.49910285,0.061047537
2009,2009-04-20,2009/4/20,110,38050,,0.409400305,15578,22472,9.653658696,10.02008403,10.16331445,0.055153192,10.60255682,0.044964453
2009,2009-04-21,2009/4/21,111,120000,0.616795367,0.510060426,61207,58793,11.02203728,10.98179082,10.62246728,0.039276838,10.65797643,0.033628507
2009,2009-04-22,2009/4/22,112,136000,0.662576687,0.601693484,81830,54170,11.31241526,10.8998952,11.0003065,0.028294892,10.66536168,0.026056632
2009,2009-04-23,2009/4/23,113,141400,,0.679264209,96048,45352,11.47261333,10.72223251,11.29683211,0.021155231,10.62471256,0.021384604
2009,2009-04-24,2009/4/24,114,160000,0.480263158,0.74151268,118642,41358,11.68387451,10.63004464,11.51204411,0.0169428,10.53602909,0.018867044
2009,2009-04-25,2009/4/25,115,134000,0.838944495,0.789661423,105815,28185,11.56945353,10.24659378,11.6459425,0.014879613,10.39931126,0.017877418
2009,2009-04-26,2009/4/26,116,121000,0.848324515,0.825996183,99946,21054,11.5123907,9.954915273,11.69852727,0.014324756,10.21455906,0.017908039
2009,2009-04-27,2009/4/27,117,93500,0.895,0.852924762,79748,13752,11.28664532,9.528978429,11.66979844,0.014774379,9.981772509,0.01857006
2009,2009-04-28,2009/4/28,118,80200,0.846960168,0.872531358,69977,10223,11.1559364,9.232491719,11.55975599,0.015861705,9.700951594,0.019593485
2009,2009-04-29,2009/4/29,119,116500,0.938381589,0.886443446,103271,13229,11.54511828,9.490267848,11.36839993,0.017357023,9.37209632,0.020827158
2009,2009-04-30,2009/4/30,120,82000,0.851916376,0.895845395,73459,8541,11.20450071,9.052712704,11.09573026,0.019167694,8.995206685,0.02223877
2009,2009-05-01,2009/5/1,121,69500,0.892703863,0.901539961,62657,6843,11.04544708,8.831123648,10.74174698,0.021338144,8.57028269,0.023914857
2009,2009-05-02,2009/5/2,122,106000,0.933228594,0.904010548,95825,10175,11.47029056,9.227775678,10.30645008,0.024049871,8.097324334,0.026060799
2009,2009-05-03,2009/5/3,123,40200,,0.90346562,36319,3881,10.50013259,8.264023866,9.78983958,0.027621441,7.576331619,0.029000823
2009,2009-05-04,2009/5/4,124,23000,,0.899859276,20697,2303,9.937780923,7.742504729,9.191915463,0.032508488,7.007304543,0.033177997
2009,2009-05-05,2009/5/5,125,7000,,0.892886654,6250,750,8.740529777,6.621130542,8.512677735,0.039303717,6.390243107,0.039154238
2009,2009-05-06,2009/5/6,126,770,,0.88195438,679,91,6.522247011,4.520648007,7.752126395,0.048736899,5.725147311,0.047610306
2009,2009-05-07,2009/5/7,127,800,,0.866128544,693,107,6.542331943,4.683030499,6.910261444,0.061674877,5.012017154,0.059345806
2009,2009-05-08,2009/5/8,128,157,,0.844069491,133,24,4.894243116,3.237936607,5.987082881,0.079121561,4.250852637,0.075279188
2009,,,129,,,0.813980131,,,,,4.982590707,0.102217929,3.44165376,0.096447747
2009,,,130,,,0.773630816,,,,,3.896784921,0.13224203,2.584420523,0.124007622
2009,,,131,,,0.72058387,,,,,2.729665523,0.170608982,1.679152925,0.159233798
2009,,,132,,,0.652802017,,,,,1.481232514,0.218870969,0.725850967,0.203520106
2009,,,133,,,0.569787644,,,,,0.151485894,0.278717248,-0.275485351,0.258379219
2009,,,134,,,0.474067757,,,,,-1.259574338,0.351974141,-1.32485603,0.325442656
2009,,,135,,,0.372141173,,,,,-2.751948181,0.440605042,-2.422261068,0.406460783
2010,,,105,,,0.090978827,,,,,8.153890509,0.256006697,10.46637383,0.19795678
2010,2010-04-16,2010/4/16,106,53700,0.070837167,0.145039537,7789,45911,8.960547757,10.73449001,8.753324102,0.195119008,10.54839639,0.150763208
2010,2010-04-17,2010/4/17,107,61800,0.200457317,0.218081896,13477,48323,9.508848224,10.78567407,9.300846953,0.146441505,10.60808943,0.113433526
2010,2010-04-18,2010/4/18,108,82900,0.436213992,0.307840839,25520,57380,10.14725714,10.95746842,9.796459063,0.10823672,10.64545293,0.084509285
2010,2010-04-19,2010/4/19,109,93550,0.48409894,0.407548289,38126,55424,10.54868171,10.92278346,10.24016043,0.078904255,10.66048691,0.062650882
2010,2010-04-20,2010/4/20,110,91950,0.45398773,0.507871837,46699,45251,10.75149549,10.72000623,10.63195106,0.056980779,10.65319136,0.046637558
2010,2010-04-21,2010/4/21,111,82500,,0.600264337,49522,32978,10.81018861,10.4036321,10.97183094,0.041140033,10.62356628,0.0353674
2010,2010-04-22,2010/4/22,112,116850,0.627819549,0.679422717,79391,37459,11.28214715,10.53104113,11.25980008,0.030192823,10.57161166,0.02785734
2010,2010-04-23,2010/4/23,113,127900,,0.74367356,95116,32784,11.4628614,10.397731,11.49585848,0.023087027,10.49732752,0.023243154
2010,2010-04-24,2010/4/24,114,209500,0.842105263,0.793910051,166324,43176,12.02169992,10.67305962,11.68000614,0.01890759,10.40071385,0.020779463
2010,2010-04-25,2010/4/25,115,207000,,0.832247656,172275,34725,12.05685466,10.45523634,11.81224306,0.016876528,10.28177065,0.019839734
2010,,,116,,,0.861057603,,,,,11.89256923,0.016352923,10.14049792,0.019916277
2010,2010-04-27,2010/4/27,117,141000,0.963282937,0.882470854,124428,16572,11.73149369,9.715506583,11.92098467,0.016832928,9.976895662,0.020620249
2010,2010-04-28,2010/4/28,118,120000,,0.898206491,107785,12215,11.58790101,9.41051994,11.89748936,0.017949765,9.790963873,0.021681651
2010,2010-04-29,2010/4/29,119,105000,0.8933039,0.909565788,95504,9496,11.46693815,9.158688301,11.82208331,0.019473724,9.582702554,0.022949328
2010,2010-04-30,2010/4/30,120,87700,0.866513234,0.917489268,80464,7236,11.29557521,8.886988454,11.69476652,0.021312163,9.352111707,0.024390971
2010,2010-05-01,2010/5/1,121,76600,0.899590164,0.922624857,70673,5927,11.16583394,8.687431362,11.51553898,0.023509512,9.099191329,0.026093117
2010,2010-05-02,2010/5/2,122,60900,0.904645477,0.925385707,56356,4544,10.93946155,8.421785303,11.28440071,0.026247267,8.823941422,0.028261145
2010,2010-05-03,2010/5/3,123,76700,0.935309973,0.925990928,71024,5676,11.17078023,8.644265538,11.00135169,0.029843994,8.526361986,0.031219281
2010,2010-05-04,2010/5/4,124,74000,0.942465753,0.924488228,68412,5588,11.13332003,8.628532595,10.66639193,0.034755327,8.20645302,0.035410595
2010,2010-05-05,2010/5/5,125,82500,0.945348837,0.920758932,75963,6537,11.23800971,8.785445949,10.27952143,0.041573971,7.864214524,0.041397003
2010,2010-05-06,2010/5/6,126,42400,,0.914505555,38775,3625,10.56555769,8.195875588,9.840740189,0.051029698,7.499646499,0.049859265
2010,,,127,,,0.905221539,,,,,9.350048205,0.063989349,7.112748945,0.061596985
2010,2010-05-08,2010/5/8,128,18350,,0.892142956,16371,1979,9.703317041,7.59094139,8.807445479,0.081456835,6.703521861,0.077528615
2010,2010-05-09,2010/5/9,129,7500,,0.874184914,6556,944,8.788347458,6.85077547,8.212932011,0.104573135,6.271965247,0.098691449
2010,2010-05-10,2010/5/10,130,4150,,0.849874162,3527,623,8.168480117,6.436185986,7.566507801,0.134616297,5.818079105,0.126241626
2010,,,131,,,0.817309889,,,,,6.86817285,0.173001438,5.341863432,0.161454132
2010,,,132,,,0.774223731,,,,,6.117927157,0.221280745,4.84331823,0.205722795
2010,2010-05-13,2010/5/13,133,40,,0.718267189,29,11,3.392179764,2.507101221,5.315770722,0.281143472,4.322443499,0.260560291
2010,,,134,,,0.647695638,,,,,4.461703546,0.354415942,3.779239238,0.32759814
2010,,,135,,,0.562532171,,,,,3.555725627,0.44306155,3.213705447,0.408586704
2011,,,105,,,0.012717583,,,,,6.890594496,0.258054882,11.19854734,0.199645734
2011,2011-04-16,2011/4/16,106,90500,0.074175824,0.025816582,2336,88164,7.756794781,11.38696079,7.53898132,0.197207154,11.12291509,0.152537816
2011,2011-04-17,2011/4/17,107,51000,,0.049698313,2535,48465,7.838191088,10.78862576,8.137031107,0.148568742,11.03891986,0.115289813
2011,2011-04-18,2011/4/18,108,64363,,0.090080833,5798,58565,8.66541881,10.97791178,8.684743856,0.110402176,10.94656164,0.086443279
2011,2011-04-19,2011/4/19,109,91000,0.052264808,0.152373914,13866,77134,9.537269085,11.25331207,9.182119568,0.08110706,10.84584043,0.064658609
2011,2011-04-20,2011/4/20,110,92400,0.136216216,0.238454781,22033,70367,10.00035206,11.16149074,9.629158242,0.059220062,10.73675623,0.048715046
2011,2011-04-21,2011/4/21,111,49250,0.257575758,0.343473857,16916,32334,9.736079482,10.38390281,10.02585988,0.043414923,10.61930904,0.037510676
2011,2011-04-22,2011/4/22,112,62800,0.686046512,0.456076736,28642,34158,10.26265106,10.43879253,10.37222448,0.032502449,10.49349886,0.030062431
2011,2011-04-23,2011/4/23,113,55150,0.655312247,0.56314686,31058,24092,10.34362939,10.08969533,10.66825204,0.025430519,10.35932569,0.025506086
2011,2011-04-24,2011/4/24,114,99200,0.60842627,0.655300281,65006,34194,11.08224697,10.43984092,10.91394256,0.021284076,10.21678954,0.023096264
2011,2011-04-25,2011/4/25,115,96725,0.820018365,0.728946184,70507,26218,11.16348599,10.17422743,11.10929605,0.019285137,10.0658904,0.022206431
2011,2011-04-26,2011/4/26,116,96650,,0.784913154,75862,20788,11.23668247,9.942186191,11.2543125,0.018792785,9.906628264,0.022328898
2011,2011-04-27,2011/4/27,117,92300,0.742063492,0.826090019,76248,16052,11.24176101,9.683644251,11.34899191,0.019303173,9.739003143,0.02307482
2011,2011-04-28,2011/4/28,118,96750,,0.855719923,82791,13959,11.32408554,9.543958356,11.39333429,0.020449521,9.563015034,0.024174199
2011,2011-04-29,2011/4/29,119,87000,,0.87659718,76264,10736,11.2419688,9.281455218,11.38733962,0.02200212,9.378663935,0.02547588
2011,2011-04-30,2011/4/30,120,102000,,0.89084354,90866,11134,11.41715263,9.317844889,11.33100792,0.023868329,9.185949848,0.026947555
2011,2011-05-01,2011/5/1,121,57850,,0.899940672,52062,5788,10.8602015,8.663789489,11.22433918,0.026092576,8.984872772,0.028675759
2011,2011-05-02,2011/5/2,122,80750,,0.904834159,73065,7685,11.19912333,8.947109145,11.06733341,0.028856359,8.775432707,0.030865873
2011,2011-05-03,2011/5/3,123,60850,0.870212766,0.906028715,55132,5718,10.91750096,8.651575938,10.8599906,0.032478242,8.557629654,0.033842121
2011,2011-05-04,2011/5/4,124,61200,0.90408805,0.903646885,55303,5897,10.92060394,8.682336482,10.60231075,0.037413861,8.331463612,0.038047575
2011,2011-05-05,2011/5/5,125,17800,0.871641791,0.897444044,15975,1825,9.678811827,7.510154666,10.29429386,0.04425592,8.096934581,0.04404415
2011,2011-05-06,2011/5/6,126,20590,0.790654206,0.886778739,18259,2331,9.812455791,7.754578352,9.935939932,0.053734191,7.854042561,0.052512605
2011,2011-05-07,2011/5/7,127,20750,0.822274882,0.870540584,18064,2686,9.801715984,7.896285884,9.527248969,0.066715516,7.602787552,0.064252547
2011,2011-05-08,2011/5/8,128,6100,,0.847047375,5167,933,8.550238915,6.839488228,9.068220968,0.084203804,7.343169555,0.080182425
2011,2011-05-09,2011/5/9,129,20200,0.921538462,0.813951883,16442,3758,9.707644676,8.231953989,8.55885593,0.107340036,7.075188569,0.101339533
2011,2011-05-10,2011/5/10,130,7125,,0.768266649,5474,1651,8.607929267,7.40980256,7.999153855,0.137402259,6.798844594,0.128880013
2011,2011-05-11,2011/5/11,131,7450,,0.706737079,5265,2185,8.569062656,7.68974118,7.389114742,0.17580559,6.514137631,0.164078847
2011,2011-05-12,2011/5/12,132,207,,0.626917386,130,77,4.873454576,4.359628932,6.728738591,0.224102216,6.221067678,0.208329867
2011,,,133,,,0.529173496,,,,,6.018025403,0.283981391,5.919634737,0.263145747
2011,,,134,,,0.41897672,,,,,5.256975178,0.35726944,5.609838807,0.330158005
2011,,,135,,,0.307381106,,,,,4.445587915,0.445929753,5.291679889,0.411117007
2012,,,105,,,0.58600021,,,,,9.426345937,0.260514763,9.342127592,0.201739072
2012,,,106,,,0.600607645,,,,,9.788946625,0.199706996,9.603409961,0.154716806
2012,2012-04-16,2012/4/16,107,49900,,0.616589165,30768,19132,10.33425645,9.85918036,10.11726857,0.151107674,9.826803336,0.117550483
2012,2012-04-17,2012/4/17,108,88500,,0.6338454,56095,32405,10.93482545,10.38608906,10.41131176,0.112979328,10.01230772,0.088781655
2012,2012-04-18,2012/4/18,109,68100,0.576271186,0.652253228,44418,23682,10.7014326,10.07249399,10.6710762,0.083721561,10.1599231,0.067070719
2012,2012-04-19,2012/4/19,110,96600,0.620408163,0.671664399,64883,31717,11.08035296,10.36464653,10.8965619,0.061871041,10.2696495,0.051196916
2012,2012-04-20,2012/4/20,111,87800,,0.691905344,60749,27051,11.01452712,10.20550553,11.08776885,0.046101509,10.34148689,0.040058334
2012,2012-04-21,2012/4/21,112,101250,0.882051282,0.712778492,72169,29081,11.18677726,10.27788082,11.24469705,0.035223771,10.3754353,0.032671904
2012,2012-04-22,2012/4/22,113,122050,0.808457711,0.734065296,89593,32457,11.40303994,10.38771241,11.36734651,0.028185706,10.37149471,0.028173401
2012,2012-04-23,2012/4/23,114,100350,0.775051125,0.755531075,75818,24532,11.23609818,10.10779304,11.45571721,0.024072258,10.32966512,0.025817448
2012,2012-04-24,2012/4/24,115,126500,0.778714436,0.776931548,98282,28218,11.49560473,10.24775643,11.50980917,0.022105443,10.24994654,0.024977511
2012,2012-04-25,2012/4/25,116,117050,0.723507917,0.798020768,93408,23642,11.44474652,10.07080837,11.52962238,0.021644344,10.13233897,0.025145901
2012,2012-04-26,2012/4/26,117,113200,0.793103448,0.818559937,92661,20539,11.43671358,9.930130223,11.51515684,0.022185113,9.976842404,0.025933773
2012,2012-04-27,2012/4/27,118,109000,0.801217039,0.838326406,91378,17622,11.42276636,9.776984075,11.46641256,0.023360972,9.783456843,0.027071129
2012,2012-04-28,2012/4/28,119,117800,0.806624888,0.857122134,100969,16831,11.5225786,9.731037864,11.38338952,0.024942211,9.552182287,0.028406815
2012,2012-04-29,2012/4/29,120,86600,0.893617021,0.87478082,75756,10844,11.23528638,9.291457667,11.26608774,0.02683619,9.283018737,0.029908522
2012,2012-04-30,2012/4/30,121,55650,0.972318339,0.891173138,49594,6056,10.81164097,8.709005377,11.11450721,0.029087336,8.975966194,0.031662784
2012,2012-05-01,2012/5/1,122,62150,0.983233533,0.906209647,56321,5829,10.93883925,8.670784364,10.92864794,0.031877146,8.631024656,0.033874983
2012,2012-05-02,2012/5/2,123,57750,,0.919841255,53121,4629,10.88034328,8.440348323,10.70850991,0.035524186,8.248194123,0.036869344
2012,2012-05-03,2012/5/3,124,69500,0.875706215,0.932057384,64778,4722,11.07873657,8.460201969,10.45409314,0.040484092,7.827474597,0.041088938
2012,2012-05-04,2012/5/4,125,56500,,0.942882172,53273,3227,10.88320073,8.079666753,10.16539762,0.047349566,7.368866076,0.047095679
2012,2012-05-05,2012/5/5,126,18200,,0.952369259,17333,867,9.760432122,6.766052858,9.842423353,0.056850381,6.872368562,0.055570329
2012,2012-05-06,2012/5/6,127,7750,,0.960595722,7445,305,8.915380795,5.724836467,9.485170337,0.069853379,6.337982053,0.067312491
2012,2012-05-07,2012/5/7,128,9600,0.961538462,0.967655725,9289,311,9.136747109,5.741415524,9.093638573,0.08736247,5.76570655,0.083240617
2012,2012-05-08,2012/5/8,129,12000,0.96474359,0.97365439,11684,316,9.366048639,5.759366401,8.667828062,0.110518633,5.155542052,0.104392
2012,2012-05-09,2012/5/9,130,2900,,0.978702239,2838,62,7.951290454,4.139373816,8.207738803,0.140599917,4.507488561,0.131922782
2012,2012-05-10,2012/5/10,131,1480,,0.982910462,1455,25,7.283247304,3.269284356,7.713370796,0.179021438,3.821546075,0.167107946
2012,,,132,,,0.986387126,,,,,7.184724041,0.227335383,3.097714595,0.211341322
2012,,,133,,,0.989234338,,,,,6.621798538,0.287231007,2.335994121,0.266135585
2012,,,134,,,0.991546302,,,,,6.024594287,0.360534632,1.536384653,0.333122253
2012,,,135,,,0.99340816,,,,,5.393111289,0.449209653,0.698886191,0.414051693
2013,2013-04-15,2013/4/15,105,69533,,1.00E-04,7,69526,2.073232203,11.14947116,1.65524879,0.263386339,10.73598761,0.204236792
2013,2013-04-16,2013/4/16,106,50167,,0.00033647,17,50150,2.883666687,10.82279613,3.053371946,0.202618534,10.91501596,0.157300178
2013,2013-04-17,2013/4/17,107,65500,,0.001068605,70,65430,4.262590076,11.08875153,4.347262133,0.154058302,11.04985634,0.120215535
2013,2013-04-18,2013/4/18,108,67150,0.02300885,0.003199197,215,66935,5.374472789,11.11149482,5.536919351,0.115968176,11.14050873,0.091524413
2013,2013-04-19,2013/4/19,109,66000,,0.009007752,595,65405,6.389420968,11.08837674,6.6223436,0.086747757,11.18697315,0.069887211
2013,2013-04-20,2013/4/20,110,69000,,0.023724378,1637,67363,7.40122033,11.1178663,7.603534881,0.064933716,11.18924958,0.054083169
2013,2013-04-21,2013/4/21,111,79333,,0.057784509,4584,74749,8.430593023,11.22190157,8.480493194,0.04919979,11.14733804,0.043010375
2013,2013-04-22,2013/4/22,112,84000,,0.127478949,10708,73292,9.278861428,11.20221722,9.253218537,0.038356789,11.06123852,0.035685759
2013,2013-04-23,2013/4/23,113,90000,,0.247310425,22258,67742,10.01049893,11.12347732,9.921710912,0.031352589,10.93095101,0.031245099
2013,2013-04-24,2013/4/24,114,87750,0.210526316,0.410903317,36057,51693,10.49287754,10.85310153,10.48597032,0.027272136,10.75647553,0.028943015
2013,2013-04-25,2013/4/25,115,79025,,0.582949451,46068,32957,10.73788644,10.40300204,10.94599676,0.025337444,10.53781207,0.028152974
2013,2013-04-26,2013/4/26,116,124250,0.774580336,0.725591173,90155,34095,11.40929349,10.43694406,11.30179023,0.024907598,10.27496063,0.028367286
2013,2013-04-27,2013/4/27,117,87000,0.837037037,0.825230031,71795,15205,11.18158422,9.629444533,11.55335073,0.025478749,9.967921208,0.029197109
2013,2013-04-28,2013/4/28,118,108667,,0.888386471,96538,12129,11.47770538,9.403412875,11.70067826,0.026684119,9.616693808,0.030372443
2013,2013-04-29,2013/4/29,119,84242,0.92139738,0.926823369,78077,6165,11.26546942,8.726731935,11.74377282,0.028293999,9.221278429,0.031742133
2013,2013-04-30,2013/4/30,120,105775,0.961337513,0.950062635,100493,5282,11.51785206,8.572273013,11.68263442,0.030215747,8.781675071,0.033273871
2013,2013-05-01,2013/5/1,121,110934,0.960455764,0.964256163,106969,3965,11.58030177,8.285565451,11.51726304,0.032493791,8.297883733,0.035054191
2013,2013-05-02,2013/5/2,122,90000,,0.973052541,87575,2425,11.38025917,7.794110909,11.2476587,0.035309629,7.769904415,0.037288476
2013,2013-05-03,2013/5/3,123,82610,,0.97855254,80838,1772,11.30021759,7.480301212,10.87382139,0.038981826,7.197737119,0.04030095
2013,2013-05-04,2013/5/4,124,79750,0.997001499,0.98195606,78311,1439,11.26845607,7.272401343,10.39575111,0.043966017,6.581381842,0.044534683
2013,,,125,,,0.983941913,,,,,9.813447859,0.050854907,5.920838587,0.050551591
2013,2013-05-06,2013/5/6,126,84980,0.977876106,0.984877314,83695,1285,11.33494496,7.159389757,9.126911641,0.060378266,5.216107352,0.059032435
2013,2013-05-07,2013/5/7,127,22700,,0.984926624,22358,342,10.0149768,5.838213228,8.336142455,0.073402937,4.467188137,0.070776818
2013,2013-05-08,2013/5/8,128,78,,0.984098341,77,1,4.353622924,0.806622897,7.441140301,0.090932831,3.674080943,0.086703191
2013,2013-05-09,2013/5/9,129,263,,0.982247499,258,5,5.558105594,1.734996466,6.441905178,0.114108926,2.83678577,0.10784885
2013,,,130,,,0.979034335,,,,,5.338437086,0.144209271,1.955302618,0.135369934
2013,,,131,,,0.973824151,,,,,4.130736025,0.182648982,1.029631486,0.170541427
2013,,,132,,,0.965492302,,,,,2.818801996,0.230980246,0.059772374,0.214757159
2013,,,133,,,0.952068637,,,,,1.402634998,0.290892318,-0.954274717,0.269529805
2013,,,134,,,0.93012608,,,,,-0.117764968,0.364211521,-2.012509787,0.336490884
2013,,,135,,,0.893854999,,,,,-1.742397903,0.452901248,-3.114932837,0.417390761
2014,2014-04-15,2014/4/15,105,51000,0,0.025110558,1281,49719,7.155894587,10.81416982,7.012407834,0.266669611,10.57215305,0.207138894
2014,2014-04-16,2014/4/16,106,42700,0.023041475,0.052410756,2238,40462,7.7137575,10.60814476,7.729694585,0.205941767,10.5739537,0.160287933
2014,2014-04-17,2014/4/17,107,30300,0.013157895,0.100991482,3060,27240,8.026510624,10.21247693,8.37760869,0.157420626,10.55591602,0.123284969
2014,2014-04-18,2014/4/18,108,53200,,0.177500151,9443,43757,9.153135748,10.68642955,8.956150149,0.11936872,10.51804001,0.094671554
2014,2014-04-19,2014/4/19,109,35200,0.476923077,0.281674473,9915,25285,9.20189899,10.13800848,9.465318962,0.09018565,10.46032567,0.073108086
2014,2014-04-20,2014/4/20,110,59800,0.640151515,0.402601251,24076,35724,10.08899382,10.48361846,9.905115129,0.068408086,10.382773,0.057373805
2014,2014-04-21,2014/4/21,111,78650,,0.52278944,41117,37533,10.62421073,10.53299209,10.27553865,0.052709768,10.28538199,0.046366798
2014,2014-04-22,2014/4/22,112,90000,,0.627476634,56473,33527,10.94153381,10.42013926,10.57658953,0.041901503,10.16815265,0.039103997
2014,2014-04-23,2014/4/23,113,66250,,0.71011012,47045,19205,10.75887678,9.86298866,10.80826775,0.034931168,10.03108498,0.034721179
2014,2014-04-24,2014/4/24,114,58200,,0.771139694,44880,13320,10.71177718,9.49707223,10.97057334,0.030883709,9.874178974,0.032472964
2014,2014-04-25,2014/4/25,115,61500,,0.814258673,50077,11423,10.82133524,9.343479704,11.06350628,0.028981141,9.697434637,0.031732819
2014,2014-04-26,2014/4/26,116,90000,0.995670996,0.843620239,75926,14074,11.23752528,9.552168137,11.08706657,0.028582548,9.500851969,0.031993055
2014,2014-04-27,2014/4/27,117,57500,,0.862621189,49601,7899,10.81178076,8.974653691,11.04125421,0.029184081,9.284430967,0.032864828
2014,2014-04-28,2014/4/28,118,64600,0.882882883,0.873622899,56436,8164,10.94088095,9.007607198,10.92606921,0.030418962,9.048171634,0.034078138
2014,2014-04-29,2014/4/29,119,50950,0.771341463,0.878024049,44735,6215,10.7085411,8.734829555,10.74151157,0.032057482,8.792073968,0.035481833
2014,2014-04-30,2014/4/30,120,42100,0.763593381,0.876386583,36896,5204,10.51588214,8.557398964,10.48758127,0.034006999,8.516137969,0.037043602
2014,2014-05-01,2014/5/1,121,29600,0.914285714,0.868501388,25708,3892,10.15458244,8.267027535,10.16427833,0.036311942,8.220363639,0.038849981
2014,2014-05-02,2014/5/2,122,32900,0.906132666,0.853362907,28076,4824,10.24269318,8.4816407,9.771602751,0.039153808,7.904750976,0.041106352
2014,2014-05-03,2014/5/3,123,18850,0.704834606,0.829063117,15628,3222,9.656873189,8.078117599,9.309554521,0.042851162,7.56929998,0.044136938
2014,2014-05-05,2014/5/4,124,9700,,0.792671804,7689,2011,8.947665204,7.606926034,8.778133645,0.047859639,7.214010653,0.048384811
2014,2014-05-06,2014/5/5,125,600,0.806896552,0.74030168,444,156,6.098480959,5.055092222,8.177340123,0.054771943,6.838882993,0.054411886
2014,,,126,,,0.667809548,,,,,7.507173955,0.064317847,6.443917,0.062898923
2014,,,127,,,0.57282306,,,,,6.767635141,0.077364192,6.029112676,0.074645527
2014,,,128,,,0.458294405,,,,,5.958723681,0.094914888,5.594470018,0.090570149
2014,,,129,,,0.33548643,,,,,5.080439575,0.118110915,5.139989029,0.111710082
2014,,,130,,,0.221765023,,,,,4.132782824,0.14823032,4.665669707,0.139221468
2014,,,131,,,0.132042382,,,,,3.115753426,0.186688221,4.171512053,0.17437929
2014,,,132,,,0.071338829,,,,,2.029351382,0.235036805,3.657516067,0.218577378
2014,,,133,,,0.035391185,,,,,0.873576693,0.294965325,3.123681748,0.273328408
2014,,,134,,,0.016304263,,,,,-0.351570642,0.368300105,2.570009097,0.340263897
2014,,,135,,,0.007032235,,,,,-1.646090624,0.457004539,1.996498113,0.421134212
2015,2015-04-16,2015/4/15,105,40350,0.053731343,0.008964963,362,39988,5.893676019,10.59636629,6.228625775,0.270364578,10.85337845,0.210445379
2015,2015-04-17,2015/4/16,106,48000,0.032786885,0.024011324,1153,46847,7.050593853,10.75467334,7.071196624,0.209676696,10.73465942,0.16368007
2015,2015-04-18,2015/4/17,107,30600,0.093797277,0.058493735,1790,28810,7.49047819,10.26851572,7.841026441,0.161194645,10.61352347,0.126758786
2015,2015-04-19,2015/4/18,108,39875,0.12295082,0.127156937,5070,34805,8.531368816,10.45753406,8.538115226,0.123180959,10.4899706,0.098223078
2015,2015-04-20,2015/4/19,109,58250,0.202380952,0.240810241,14027,44223,9.548824622,10.69701846,9.162462978,0.094035237,10.36400082,0.076733343
2015,2015-04-21,2015/4/20,110,59200,0.341736695,0.390719763,23131,36069,10.04895536,10.49322759,9.714069698,0.072294152,10.23561412,0.061068823
2015,,,111,,0.56937799,0.546250063,,,,,10.19293539,0.05663144,10.10481049,0.050127604
2015,2015-04-23,2015/4/22,112,99850,,0.677260949,67625,32225,11.1217405,10.3805442,10.59906004,0.045857912,9.971589955,0.042926618
2015,2015-04-24,2015/4/23,113,85000,0.660839161,0.77254855,65667,19333,11.09236134,9.86963979,10.93244366,0.038921443,9.835952498,0.038601641
2015,2015-04-25,2015/4/24,114,109200,0.727619048,0.836192531,91312,17888,11.4220509,9.791928734,11.19308626,0.034906978,9.697898122,0.036407296
2015,2015-04-26,2015/4/25,115,116000,0.961538462,0.876904732,101721,14279,11.52999838,9.566618811,11.38098781,0.033036534,9.557426828,0.035717047
2015,2015-04-27,2015/4/26,116,156500,0.994614004,0.902258603,141203,15297,11.85796427,9.635446571,11.49614834,0.032669193,9.414538615,0.036023206
2015,2015-04-28,2015/4/27,117,125000,0.997340426,0.917403174,114675,10325,11.6498695,9.242381844,11.53856783,0.033301109,9.269233484,0.036936929
2015,2015-04-29,2015/4/28,118,119005,,0.925424406,110130,8875,11.60942704,9.091091474,11.5082463,0.034565501,9.121511435,0.038188217
2015,2015-04-30,2015/4/29,119,71200,0.996409336,0.927919812,66068,5132,11.09845327,8.543466871,11.40518373,0.036232661,8.971372467,0.039625916
2015,2015-05-01,2015/4/30,120,45500,0.954367666,0.925377288,42105,3395,10.64793761,8.130451719,11.22938012,0.038209947,8.818816582,0.041217716
2015,2015-05-02,2015/5/1,121,74000,,0.917299677,67880,6120,11.12551405,8.719451994,10.98083549,0.040541789,8.663843777,0.043050154
2015,2015-05-03,2015/5/2,122,66500,,0.902077879,59988,6512,11.00191947,8.781527984,10.65954982,0.043409682,8.506454055,0.04532861
2015,2015-05-04,2015/5/3,123,33000,,0.876609729,28928,4072,10.27260402,8.312105389,10.26552312,0.047132193,8.346647414,0.048377309
2015,2015-05-05,2015/5/4,124,12900,0.855538922,0.835724543,10781,2119,9.285619129,7.659243723,9.798755392,0.052164956,8.184423855,0.052639321
2015,2015-05-06,2015/5/5,125,11800,0.694444444,0.771828144,9108,2692,9.116971238,7.898569973,9.259246628,0.059100676,8.019783377,0.058676563
2015,2015-05-07,2015/5/6,126,7900,0.530120482,0.676215749,5342,2558,8.583562114,7.847331033,8.646996832,0.068669124,7.852725982,0.067169794
2015,2015-05-08,2015/5/7,127,4175,,0.544896328,2275,1900,7.730149387,7.550165762,7.962006004,0.081737142,7.683251667,0.078918619
2015,,,128,,,0.389258397,,,,,7.204274143,0.09930864,7.511360435,0.094841488
2015,,,129,,,0.239564629,,,,,6.37380125,0.122524599,7.337052284,0.115975697
2015,2015-05-11,2015/5/10,130,3555,,0.126325978,449,3106,6.109445011,8.041384312,5.470587325,0.152663065,7.160327215,0.143477385
2015,2015-05-12,2015/5/11,131,1015,,0.058044296,59,956,4.092926227,6.863892248,4.494632368,0.191139157,6.981185228,0.178621536
2015,,,132,,0.369565217,0.023804264,,,,,3.445936379,0.239505059,6.799626322,0.222801981
2015,,,133,,,0.008880463,,,,,2.324499357,0.299450027,6.615650498,0.277531393
2015,,,134,,,0.003047745,,,,,1.130321303,0.372800385,6.429257756,0.344441293
2015,,,135,,,0.000967568,,,,,-0.136597784,0.461519525,6.240448095,0.425282045
